NAMES, address,Mail ,country,account Created at,transactions,account created at
Kevin Campbell,"{'address': {'streeet': '0418 Hamilton Shores', 'city': 'Molinaburgh', 'post code': 42119-57036, 'country': 'Croatia'}}",lisanolan@moses-harper.com,Croatia,2001-12-23 02:34:28.470,"[{'amount': '€608,78', 'transaction date': '2017_05-04 07:18:03.907829', 'tt': {'t': 'withdrawal', 'from': 'GB23DAKD62732613329418', 'to': None}}, {'amount': '€380,45', 'transaction date': '2010_05-27 18:07:58.666982', 'tt': {'t': 'charge', 'from': 'GB23DAKD62732613329418', 'to': None}}, {'amount': '€931,39', 'transaction date': '2010_09-25 18:50:47.978550', 'tt': {'t': 'withdrawal', 'from': 'GB23DAKD62732613329418', 'to': None}}, {'amount': '€582,10', 'transaction date': '2019_02-24 19:45:23.515697', 'tt': {'t': 'deposit', 'from': 'GB23DAKD62732613329418', 'to': 'Null'}}, {'amount': '€41,67', 'transaction date': '2009_09-15 19:17:08.822363', 'tt': {'t': 'withdrawal', 'from': 'GB23DAKD62732613329418', 'to': 'Null'}}, {'amount': '€570,35', 'transaction_date': '2011_06-09 08:52:05.392425', 'tt': {'t': 'withdrawal', 'from': 'GB23DAKD62732613329418', 'to': 'Null'}}]",2001-12-23 02:34:28.470896
Brian Washington,"{'address': {'streeet': '0052 Lindsay Manor', 'city': 'Mauriceland', 'post code': 12770-44305, 'country': 'China'}}   ",rbarron@cruz-ramirez.info,China,2002-02-13 00:25:05.487,"[{'amount': '€266,0', 'transaction_date': '2013_01-26 15:25:18.312750', 'tt': {'t': 'withdrawal', 'from': 'GB29DTDY66959868289536', 'to': 'Null'}}]",2002-02-13 00:25:05.487406
Andrew Murray,"{'address': {'streeet': '07930 Mueller Forges Apt. 518', 'city': 'Port Jessicaberg', 'post code': 08252-13857, 'country': 'Samoa'}}",ronaldcrawford@white.biz,Samoa,2005-03-15 09:11:36.489,"[{'amount': '$294,89', 'transaction_date': '2007_04-30 17:08:19.530726', 'tt': {'t': 'transfer', 'from': 'GB57CATT79165621763658', 'to': 'GB94JMOD17442593236507'}}, {'amount': '$502,15', 'transaction date': '2007_04-12 04:47:52.954006', 'tt': {'t': 'charge', 'from': 'GB57CATT79165621763658', 'to': 'Null'}}, {'amount': '$957,67', 'transaction_date': '2017_02-05 06:19:41.061980', 'tt': {'t': 'transfer', 'from': 'GB57CATT79165621763658', 'to': 'GB27MVTI84227900607761'}}, {'amount': '$196,1', 'transaction date': '2020_11-21 14:20:35.186913', 'tt': {'t': 'charge', 'from': 'GB57CATT79165621763658', 'to': 'Null'}}, {'amount': '$824,2', 'transaction_date': '2014_05-24 08:54:34.209782', 'tt': {'t': 'charge', 'from': 'GB57CATT79165621763658', 'to': None}}, {'amount': '$727,28', 'transaction date': '2023_07-05 06:33:23.760958', 'tt': {'t': 'transfer', 'from': 'GB57CATT79165621763658', 'to': 'GB12AUKW85329376643401'}}, {'amount': '$220,37', 'transaction date': '2008_08-29 19:18:13.764561', 'tt': {'t': 'deposit', 'from': 'GB57CATT79165621763658', 'to': 'Null'}}, {'amount': '$728,59', 'transactionDate': '2008_03-23 13:05:52.558394', 'tt': {'t': 'transfer', 'from': 'GB57CATT79165621763658', 'to': 'GB89UKVH16836304308644'}}]",2005-03-15 09:11:36.489390
Mr. Andrew Hess,"{'address': {'streeet': '36955 Wilson Plains Suite 228', 'city': 'Austinfort', 'post code': 47032-46318, 'country': 'Germany'} }",olsenbrent@camacho.com,Germany,2006-04-24 08:07:47.375,"[{'amount': '£357,52', 'transactionDate': '2011_07-17 01:22:39.609939', 'tt': {'t': 'withdrawal', 'from': 'GB78XLHI03405480243271', 'to': 'Null'}}, {'amount': '£999,33', 'transaction date': '2020_07-26 22:47:45.811637', 'tt': {'t': 'transfer', 'from': 'GB78XLHI03405480243271', 'to': 'GB73FEHB57847510431898'}}, {'amount': '£365,96', 'transaction date': '2015_12-19 19:44:04.812260', 'tt': {'t': 'transfer', 'from': 'GB78XLHI03405480243271', 'to': 'GB08KTSX65547483934458'}}, {'amount': '£342,20', 'transactionDate': '2023_11-17 05:43:53.864088', 'tt': {'t': 'deposit', 'from': 'GB78XLHI03405480243271', 'to': 'Null'}}, {'amount': '£963,24', 'transaction_date': '2020_12-20 19:01:49.499303', 'tt': {'t': 'charge', 'from': 'GB78XLHI03405480243271', 'to': None}}]",2006-04-24 08:07:47.375765
Kristen Smith,"{'address': {'streeet': '655 Emma Valley Apt. 163', 'city': 'East Ryan', 'post code': 21532-75604, 'country': 'Uruguay'}",brandi01@perkins.com,Uruguay,2023-08-30 16:27:59.915,"[{'amount': '$254,54', 'transactionDate': '2024_08-01 16:48:29.895894', 'tt': {'t': 'transfer', 'from': 'GB43XVSM53732894187154', 'to': 'GB30RHYV64529953374372'}}, {'amount': '$848,2', 'transaction date': '2024_07-12 15:22:09.778445', 'tt': {'t': 'charge', 'from': 'GB43XVSM53732894187154', 'to': None}}, {'amount': '$797,95', 'transactionDate': '2023_12-03 11:07:10.701950', 'tt': {'t': 'transfer', 'from': 'GB43XVSM53732894187154', 'to': 'GB15DRAP99321977846466'}}]",2023-08-30 16:27:59.915385
Rebecca Cooley,"{'address': {'streeet': '834 Torres Squares', 'city': 'Lake Clayton', 'post code': 73650-32886, 'country': 'Guernsey'}}   ",mallorymurray@booth.com,Guernsey,2005-04-10 11:24:11.232,"[{'amount': '£740,38', 'transactionDate': '2013_07-13 19:03:14.737589', 'tt': {'t': 'deposit', 'from': 'GB48UXGI29983564238622', 'to': None}}, {'amount': '£611,52', 'transaction date': '2020_07-20 18:03:08.981026', 'tt': {'t': 'deposit', 'from': 'GB48UXGI29983564238622', 'to': 'Null'}}, {'amount': '£809,72', 'transactionDate': '2008_07-05 15:09:52.734750', 'tt': {'t': 'charge', 'from': 'GB48UXGI29983564238622', 'to': None}}, {'amount': '£298,76', 'transaction date': '2008_02-20 00:36:21.128155', 'tt': {'t': 'charge', 'from': 'GB48UXGI29983564238622', 'to': 'Null'}}, {'amount': '£977,33', 'transaction_date': '2015_10-26 09:38:44.999455', 'tt': {'t': 'withdrawal', 'from': 'GB48UXGI29983564238622', 'to': 'Null'}}, {'amount': '£867,61', 'transactionDate': '2014_10-19 18:32:10.776442', 'tt': {'t': 'charge', 'from': 'GB48UXGI29983564238622', 'to': 'Null'}}, {'amount': '£704,52', 'transactionDate': '2017_05-20 06:28:56.480045', 'tt': {'t': 'deposit', 'from': 'GB48UXGI29983564238622', 'to': None}}, {'amount': '£39,38', 'transactionDate': '2022_06-01 22:29:29.716568', 'tt': {'t': 'charge', 'from': 'GB48UXGI29983564238622', 'to': None}}]",2005-04-10 11:24:11.232675
Aaron King,"{'address': {'streeet': '749 Davis Forks Suite 355', 'city': 'Turnerton', 'post code': 48330-74430, 'country': 'Syrian Arab Republic'}}",susansilva@anderson-brady.com,Syrian Arab Republic,2007-11-01 04:42:18.453,"[{'amount': '$622,12', 'transaction date': '2008_04-09 14:40:20.979810', 'tt': {'t': 'transfer', 'from': 'GB86JXMA06942991921127', 'to': 'GB53VCLE63788155571647'}}, {'amount': '$957,38', 'transactionDate': '2012_02-01 04:45:59.278370', 'tt': {'t': 'withdrawal', 'from': 'GB86JXMA06942991921127', 'to': 'Null'}}, {'amount': '$712,32', 'transaction_date': '2024_06-07 13:11:12.331077', 'tt': {'t': 'transfer', 'from': 'GB86JXMA06942991921127', 'to': 'GB11DPOE97238712808687'}}, {'amount': '$289,40', 'transaction_date': '2008_08-05 04:59:01.730935', 'tt': {'t': 'deposit', 'from': 'GB86JXMA06942991921127', 'to': None}}, {'amount': '$952,37', 'transaction date': '2016_05-10 06:29:30.283756', 'tt': {'t': 'transfer', 'from': 'GB86JXMA06942991921127', 'to': 'GB17AOND30293293185378'}}, {'amount': '$971,26', 'transaction date': '2008_07-20 18:28:41.034252', 'tt': {'t': 'withdrawal', 'from': 'GB86JXMA06942991921127', 'to': None}}]",2007-11-01 04:42:18.453502
Randy Murphy,"{'address': {'streeet': '54062 Miller Center Apt. 349', 'city': 'Gregoryview', 'post code': 79407-85793, 'country': 'Austria'}}",deborahpeterson@simon-parker.org,Austria,2014-04-10 10:11:22.880,"[{'amount': '$131,49', 'transaction date': '2020_04-08 18:56:39.977397', 'tt': {'t': 'deposit', 'from': 'GB15FVDY61905471176654', 'to': 'Null'}}, {'amount': '$48,86', 'transaction date': '2016_12-17 11:50:25.856201', 'tt': {'t': 'transfer', 'from': 'GB15FVDY61905471176654', 'to': 'GB42WFMP28831713346465'}}, {'amount': '$780,27', 'transaction date': '2023_09-17 11:36:53.869276', 'tt': {'t': 'transfer', 'from': 'GB15FVDY61905471176654', 'to': 'GB67JCET66159238608268'}}, {'amount': '$128,56', 'transaction date': '2020_10-11 23:27:30.707888', 'tt': {'t': 'transfer', 'from': 'GB15FVDY61905471176654', 'to': 'GB16TWGM20594518659817'}}, {'amount': '$583,86', 'transactionDate': '2023_02-01 14:06:34.934111', 'tt': {'t': 'deposit', 'from': 'GB15FVDY61905471176654', 'to': 'Null'}}, {'amount': '$138,97', 'transaction date': '2019_10-28 21:09:15.066570', 'tt': {'t': 'charge', 'from': 'GB15FVDY61905471176654', 'to': 'Null'}}, {'amount': '$803,96', 'transaction date': '2015_12-10 21:59:33.672668', 'tt': {'t': 'withdrawal', 'from': 'GB15FVDY61905471176654', 'to': None}}, {'amount': '$748,58', 'transactionDate': '2014_10-10 16:31:33.750028', 'tt': {'t': 'charge', 'from': 'GB15FVDY61905471176654', 'to': None}}, {'amount': '$847,42', 'transactionDate': '2020_05-25 06:29:40.435052', 'tt': {'t': 'charge', 'from': 'GB15FVDY61905471176654', 'to': None}}]",2014-04-10 10:11:22.880990
Tony Rhodes,"{'address': {'streeet': '95248 Whitney Landing Suite 418', 'city': 'Nelsonstad', 'post code': 66251-91818, 'country': 'Paraguay'}}   ",george63@thompson.com,Paraguay,2018-07-19 02:53:05.999,"[{'amount': '$854,71', 'transaction_date': '2019_01-04 01:45:22.347370', 'tt': {'t': 'deposit', 'from': 'GB34MBGC02072489182381', 'to': None}}]",2018-07-19 02:53:05.999488
Thomas Frazier,"{'address': {'streeet': '3319 Timothy Parkway', 'city': 'Erikhaven', 'post code': 99751-90151, 'country': 'Chad'} }",tonyajones@hendricks.com,Chad,2020-02-02 00:23:01.682,"[{'amount': '£370,63', 'transaction_date': '2022_06-05 02:37:06.742807', 'tt': {'t': 'withdrawal', 'from': 'GB45LAMO90701905387013', 'to': None}}, {'amount': '£289,33', 'transaction_date': '2023_08-08 17:10:24.248954', 'tt': {'t': 'charge', 'from': 'GB45LAMO90701905387013', 'to': 'Null'}}, {'amount': '£677,87', 'transaction date': '2022_03-16 14:48:01.627346', 'tt': {'t': 'deposit', 'from': 'GB45LAMO90701905387013', 'to': 'Null'}}, {'amount': '£940,33', 'transaction date': '2024_09-25 10:42:01.433209', 'tt': {'t': 'withdrawal', 'from': 'GB45LAMO90701905387013', 'to': None}}, {'amount': '£500,47', 'transaction_date': '2021_03-08 07:26:58.249196', 'tt': {'t': 'withdrawal', 'from': 'GB45LAMO90701905387013', 'to': 'Null'}}]",2020-02-02 00:23:01.682092
David Lewis,"{'address': {'streeet': '338 Andersen Plaza', 'city': 'South Karen', 'post code': 11801-52229, 'country': 'Jamaica'} }",hillrebecca@west.com,Jamaica,2017-04-24 10:14:40.287,"[{'amount': '$885,79', 'transactionDate': '2021_08-31 14:07:59.857571', 'tt': {'t': 'withdrawal', 'from': 'GB05LPEZ51015867404172', 'to': 'Null'}}, {'amount': '$868,51', 'transaction date': '2019_04-11 18:11:48.621197', 'tt': {'t': 'transfer', 'from': 'GB05LPEZ51015867404172', 'to': 'GB21PYDQ15867366565065'}}, {'amount': '$185,47', 'transactionDate': '2022_04-12 19:16:38.082757', 'tt': {'t': 'transfer', 'from': 'GB05LPEZ51015867404172', 'to': 'GB39TMUD68606892306623'}}, {'amount': '$920,98', 'transaction date': '2021_09-25 00:30:06.119378', 'tt': {'t': 'charge', 'from': 'GB05LPEZ51015867404172', 'to': None}}, {'amount': '$215,29', 'transaction_date': '2018_07-23 21:47:28.134570', 'tt': {'t': 'charge', 'from': 'GB05LPEZ51015867404172', 'to': 'Null'}}, {'amount': '$609,94', 'transactionDate': '2024_02-23 12:23:30.889824', 'tt': {'t': 'withdrawal', 'from': 'GB05LPEZ51015867404172', 'to': 'Null'}}]",2017-04-24 10:14:40.287071
Francisco Mitchell,"{'address': {'streeet': '5117 Richard Viaduct Apt. 111', 'city': 'New Kathleen', 'post code': 09037-85289, 'country': 'Swaziland'}}",lowenatalie@jones.com,Swaziland,2008-11-13 14:14:56.592,"[{'amount': '€86,96', 'transaction date': '2015_08-04 20:02:18.095065', 'tt': {'t': 'transfer', 'from': 'GB21FMMM86778192636360', 'to': 'GB46XHFO29359959851558'}}, {'amount': '€132,36', 'transaction_date': '2011_07-31 11:38:19.917685', 'tt': {'t': 'withdrawal', 'from': 'GB21FMMM86778192636360', 'to': None}}, {'amount': '€716,79', 'transaction date': '2017_03-18 01:06:12.469945', 'tt': {'t': 'withdrawal', 'from': 'GB21FMMM86778192636360', 'to': None}}, {'amount': '€759,21', 'transactionDate': '2010_07-10 11:08:05.835778', 'tt': {'t': 'deposit', 'from': 'GB21FMMM86778192636360', 'to': 'Null'}}]",2008-11-13 14:14:56.592663
Albert James,"{'address': {'streeet': '40285 William Expressway', 'city': 'Cardenasberg', 'post code': 56974-35085, 'country': 'Japan'}}",james26@mcfarland.info,Japan,2022-07-04 07:26:23.684,"[{'amount': '$722,73', 'transaction date': '2022_09-18 23:46:19.956621', 'tt': {'t': 'deposit', 'from': 'GB33OMOM35809172942173', 'to': 'Null'}}, {'amount': '$102,57', 'transaction_date': '2024_03-17 20:34:00.458230', 'tt': {'t': 'charge', 'from': 'GB33OMOM35809172942173', 'to': None}}, {'amount': '$654,36', 'transaction_date': '2023_06-11 09:25:31.268465', 'tt': {'t': 'transfer', 'from': 'GB33OMOM35809172942173', 'to': 'GB51TVJN09085802719083'}}, {'amount': '$261,7', 'transactionDate': '2023_09-17 22:55:12.984883', 'tt': {'t': 'withdrawal', 'from': 'GB33OMOM35809172942173', 'to': 'Null'}}, {'amount': '$402,19', 'transactionDate': '2022_07-23 13:15:25.883971', 'tt': {'t': 'deposit', 'from': 'GB33OMOM35809172942173', 'to': None}}, {'amount': '$145,42', 'transaction date': '2024_02-02 07:14:47.700464', 'tt': {'t': 'transfer', 'from': 'GB33OMOM35809172942173', 'to': 'GB83WJOE45949284022460'}}]",2022-07-04 07:26:23.684193
Christina Alexander,"{'address': {'streeet': '325 Victor Street', 'city': 'Benjaminton', 'post code': 99267-49077, 'country': 'New Caledonia'}}",floydmark@sanchez.com,New Caledonia,2009-06-20 01:37:08.625,"[{'amount': '€293,86', 'transactionDate': '2017_08-20 15:49:02.101736', 'tt': {'t': 'deposit', 'from': 'GB74SQDL18849090469963', 'to': None}}, {'amount': '€110,70', 'transaction_date': '2014_11-26 09:19:33.378887', 'tt': {'t': 'withdrawal', 'from': 'GB74SQDL18849090469963', 'to': 'Null'}}, {'amount': '€878,59', 'transaction_date': '2018_12-16 09:38:12.559932', 'tt': {'t': 'deposit', 'from': 'GB74SQDL18849090469963', 'to': None}}, {'amount': '€42,96', 'transaction date': '2011_09-16 04:30:11.071723', 'tt': {'t': 'deposit', 'from': 'GB74SQDL18849090469963', 'to': None}}, {'amount': '€423,78', 'transactionDate': '2013_08-26 17:53:45.023517', 'tt': {'t': 'transfer', 'from': 'GB74SQDL18849090469963', 'to': 'GB96HYKQ13830671298289'}}, {'amount': '€938,0', 'transaction date': '2017_06-03 14:34:55.622340', 'tt': {'t': 'deposit', 'from': 'GB74SQDL18849090469963', 'to': 'Null'}}, {'amount': '€404,38', 'transaction_date': '2019_01-26 01:01:27.774704', 'tt': {'t': 'charge', 'from': 'GB74SQDL18849090469963', 'to': 'Null'}}]",2009-06-20 01:37:08.625945
Nicholas Bryant,"{'address': {'streeet': '268 David Park Apt. 015', 'city': 'Josephbury', 'post code': 45374-82320, 'country': 'Zimbabwe'} }",gutierrezeric@barrett.com,Zimbabwe,2020-04-12 21:19:20.032,"[{'amount': '€565,19', 'transaction_date': '2023_05-23 17:43:37.589957', 'tt': {'t': 'charge', 'from': 'GB34BVSS52619871154220', 'to': None}}, {'amount': '€710,78', 'transactionDate': '2021_11-29 23:11:35.353976', 'tt': {'t': 'charge', 'from': 'GB34BVSS52619871154220', 'to': 'Null'}}, {'amount': '€438,57', 'transactionDate': '2023_07-01 07:07:15.161487', 'tt': {'t': 'withdrawal', 'from': 'GB34BVSS52619871154220', 'to': None}}]",2020-04-12 21:19:20.032065
Lindsay Peterson,"{'address': {'streeet': '638 Collier Ways Apt. 050', 'city': 'Carlaberg', 'post code': 88245-99445, 'country': 'Mali'}}",phillipskatherine@stewart.info,Mali,2009-07-20 07:14:55.507,"[{'amount': '£328,29', 'transaction_date': '2013_02-23 09:33:16.475925', 'tt': {'t': 'transfer', 'from': 'GB82SZCZ07544789541962', 'to': 'GB29MUOL29528678610549'}}, {'amount': '£548,3', 'transaction date': '2018_12-23 07:07:09.108485', 'tt': {'t': 'withdrawal', 'from': 'GB82SZCZ07544789541962', 'to': None}}, {'amount': '£329,53', 'transaction_date': '2010_02-01 00:23:49.820329', 'tt': {'t': 'charge', 'from': 'GB82SZCZ07544789541962', 'to': 'Null'}}, {'amount': '£739,58', 'transaction date': '2010_03-25 11:00:19.464379', 'tt': {'t': 'withdrawal', 'from': 'GB82SZCZ07544789541962', 'to': None}}, {'amount': '£631,29', 'transaction date': '2021_06-27 23:39:57.452221', 'tt': {'t': 'charge', 'from': 'GB82SZCZ07544789541962', 'to': None}}, {'amount': '£573,96', 'transactionDate': '2025_01-05 05:38:49.331333', 'tt': {'t': 'deposit', 'from': 'GB82SZCZ07544789541962', 'to': 'Null'}}, {'amount': '£974,91', 'transaction date': '2013_01-08 07:37:35.448913', 'tt': {'t': 'charge', 'from': 'GB82SZCZ07544789541962', 'to': None}}, {'amount': '£857,29', 'transaction_date': '2018_09-27 22:23:50.037692', 'tt': {'t': 'deposit', 'from': 'GB82SZCZ07544789541962', 'to': None}}]",2009-07-20 07:14:55.507919
Kristopher Smith,"{'address': {'streeet': '73700 Santiago Walk Suite 660', 'city': 'Francesville', 'post code': 01234-44014, 'country': 'Kiribati'}}",singletonsarah@johnson.biz,Kiribati,2017-05-02 12:26:24.641,"[{'amount': '€436,10', 'transaction date': '2022_10-22 16:39:36.867798', 'tt': {'t': 'deposit', 'from': 'GB20YSFC80557111388275', 'to': None}}, {'amount': '€661,1', 'transactionDate': '2018_09-08 23:23:48.115263', 'tt': {'t': 'transfer', 'from': 'GB20YSFC80557111388275', 'to': 'GB86GJWN90643626205433'}}, {'amount': '€684,84', 'transaction date': '2022_08-17 20:29:46.208887', 'tt': {'t': 'withdrawal', 'from': 'GB20YSFC80557111388275', 'to': 'Null'}}, {'amount': '€133,93', 'transaction_date': '2019_01-27 02:36:15.445596', 'tt': {'t': 'withdrawal', 'from': 'GB20YSFC80557111388275', 'to': None}}, {'amount': '€34,49', 'transaction_date': '2023_12-23 01:05:52.004184', 'tt': {'t': 'withdrawal', 'from': 'GB20YSFC80557111388275', 'to': None}}]",2017-05-02 12:26:24.641867
Marcus Mendoza,"{'address': {'streeet': '61225 Hatfield Divide Apt. 311', 'city': 'Miguelfurt', 'post code': 26931-53136, 'country': 'Puerto Rico'}",shane58@anderson.com,Puerto Rico,2014-03-11 07:44:37.060,"[{'amount': '£723,79', 'transaction_date': '2023_03-01 18:40:32.251764', 'tt': {'t': 'deposit', 'from': 'GB84IOMX72607238701695', 'to': 'Null'}}, {'amount': '£514,98', 'transaction date': '2018_08-25 20:23:35.800398', 'tt': {'t': 'withdrawal', 'from': 'GB84IOMX72607238701695', 'to': None}}, {'amount': '£939,78', 'transactionDate': '2019_09-16 04:14:09.649943', 'tt': {'t': 'withdrawal', 'from': 'GB84IOMX72607238701695', 'to': 'Null'}}, {'amount': '£813,86', 'transaction date': '2024_02-01 09:45:32.882016', 'tt': {'t': 'deposit', 'from': 'GB84IOMX72607238701695', 'to': None}}, {'amount': '£717,52', 'transaction date': '2019_10-23 13:32:46.448055', 'tt': {'t': 'transfer', 'from': 'GB84IOMX72607238701695', 'to': 'GB67ABAS99191525075319'}}, {'amount': '£627,75', 'transaction_date': '2017_05-03 18:14:29.244622', 'tt': {'t': 'deposit', 'from': 'GB84IOMX72607238701695', 'to': None}}, {'amount': '£966,47', 'transactionDate': '2021_12-01 21:03:44.455144', 'tt': {'t': 'charge', 'from': 'GB84IOMX72607238701695', 'to': None}}, {'amount': '£384,20', 'transactionDate': '2022_04-11 10:47:46.276527', 'tt': {'t': 'withdrawal', 'from': 'GB84IOMX72607238701695', 'to': 'Null'}}, {'amount': '£665,10', 'transaction date': '2018_05-10 13:28:01.610025', 'tt': {'t': 'transfer', 'from': 'GB84IOMX72607238701695', 'to': 'GB12EAAJ16414067488261'}}, {'amount': '£803,40', 'transaction_date': '2023_09-04 13:04:59.957715', 'tt': {'t': 'deposit', 'from': 'GB84IOMX72607238701695', 'to': 'Null'}}]",2014-03-11 07:44:37.060682
Sara Martinez,"{'address': {'streeet': '22890 Andrews Mill Suite 651', 'city': 'Dyerborough', 'post code': 82467-09985, 'country': 'New Caledonia'}}",whitney41@vargas.com,New Caledonia,2004-08-10 12:33:22.496,[],2004-08-10 12:33:22.496942
Richard Dean,"{'address': {'streeet': '918 Caleb Corner', 'city': 'North Stephaniebury', 'post code': 66757-64139, 'country': 'Guinea-Bissau'}}",jordanjennifer@valenzuela-thompson.com,Guinea-Bissau,2022-09-08 09:40:44.620,"[{'amount': '€795,37', 'transaction date': '2024_06-06 16:53:49.968216', 'tt': {'t': 'charge', 'from': 'GB28PXZY72529171895404', 'to': 'Null'}}, {'amount': '€672,38', 'transaction date': '2024_06-23 06:08:22.646507', 'tt': {'t': 'withdrawal', 'from': 'GB28PXZY72529171895404', 'to': None}}, {'amount': '€882,98', 'transactionDate': '2023_07-04 14:21:15.058170', 'tt': {'t': 'deposit', 'from': 'GB28PXZY72529171895404', 'to': None}}, {'amount': '€521,94', 'transaction_date': '2024_04-21 20:29:26.964760', 'tt': {'t': 'charge', 'from': 'GB28PXZY72529171895404', 'to': 'Null'}}, {'amount': '€459,32', 'transaction date': '2023_04-19 20:36:19.281585', 'tt': {'t': 'withdrawal', 'from': 'GB28PXZY72529171895404', 'to': None}}, {'amount': '€149,83', 'transactionDate': '2022_09-30 02:00:00.384848', 'tt': {'t': 'deposit', 'from': 'GB28PXZY72529171895404', 'to': None}}, {'amount': '€646,7', 'transaction_date': '2022_10-04 07:07:57.749960', 'tt': {'t': 'charge', 'from': 'GB28PXZY72529171895404', 'to': None}}, {'amount': '€464,38', 'transactionDate': '2024_03-26 08:08:37.590687', 'tt': {'t': 'deposit', 'from': 'GB28PXZY72529171895404', 'to': 'Null'}}]",2022-09-08 09:40:44.620997
James Delacruz,"{'address': {'streeet': '847 Leonard Circle', 'city': 'Mirandafort', 'post code': 87112-65375, 'country': 'Nicaragua'}}",sean05@english.net,Nicaragua,2019-05-09 14:16:31.987,"[{'amount': '£715,23', 'transaction_date': '2021_06-28 18:46:53.342308', 'tt': {'t': 'withdrawal', 'from': 'GB28MIVY70758216914883', 'to': 'Null'}}, {'amount': '£270,58', 'transactionDate': '2023_09-25 05:42:16.330434', 'tt': {'t': 'withdrawal', 'from': 'GB28MIVY70758216914883', 'to': 'Null'}}, {'amount': '£889,68', 'transaction date': '2019_09-17 05:14:54.142195', 'tt': {'t': 'deposit', 'from': 'GB28MIVY70758216914883', 'to': None}}, {'amount': '£889,91', 'transaction date': '2022_07-22 19:26:17.027083', 'tt': {'t': 'charge', 'from': 'GB28MIVY70758216914883', 'to': None}}, {'amount': '£664,75', 'transaction_date': '2023_10-06 20:23:38.246916', 'tt': {'t': 'transfer', 'from': 'GB28MIVY70758216914883', 'to': 'GB32GTEM91675496135821'}}, {'amount': '£67,42', 'transactionDate': '2021_11-01 13:45:25.351083', 'tt': {'t': 'charge', 'from': 'GB28MIVY70758216914883', 'to': None}}]",2019-05-09 14:16:31.987428
George Flores,"{'address': {'streeet': '0896 Michael Crossroad Suite 564', 'city': 'Kimberlymouth', 'post code': 53301-18178, 'country': 'Latvia'} }",ibarnett@blair.biz,Latvia,2002-03-11 10:40:45.964,"[{'amount': '$632,78', 'transaction_date': '2011_07-17 15:44:26.318256', 'tt': {'t': 'transfer', 'from': 'GB23TCDI16140056051719', 'to': 'GB10AQRO40934789227961'}}]",2002-03-11 10:40:45.964701
Dr. Kevin Phillips Jr.,"{'address': {'streeet': '797 Melissa Mountains Suite 895', 'city': 'New Kaitlynmouth', 'post code': 72417-32308, 'country': 'Guinea'}}",hickmantanner@fox.info,Guinea,2001-05-06 18:44:56.570,"[{'amount': '£232,58', 'transactionDate': '2001_09-17 23:13:14.175649', 'tt': {'t': 'withdrawal', 'from': 'GB43YFEQ09188328238234', 'to': 'Null'}}, {'amount': '£905,85', 'transaction_date': '2002_04-29 23:26:56.666944', 'tt': {'t': 'withdrawal', 'from': 'GB43YFEQ09188328238234', 'to': 'Null'}}, {'amount': '£814,87', 'transaction date': '2016_03-26 10:00:04.215664', 'tt': {'t': 'deposit', 'from': 'GB43YFEQ09188328238234', 'to': None}}, {'amount': '£331,81', 'transactionDate': '2004_02-21 19:00:25.486399', 'tt': {'t': 'transfer', 'from': 'GB43YFEQ09188328238234', 'to': 'GB68ZIJZ96734614536306'}}]",2001-05-06 18:44:56.570279
Shelly Robinson,"{'address': {'streeet': '4163 Smith Dale', 'city': 'North Sallymouth', 'post code': 96059-60073, 'country': 'France'}}   ",clarkchristopher@murphy-thomas.org,France,2004-12-12 11:00:54.694,"[{'amount': '€276,98', 'transaction date': '2015_05-20 17:58:21.939431', 'tt': {'t': 'charge', 'from': 'GB56OOIZ71619697872967', 'to': 'Null'}}, {'amount': '€650,86', 'transactionDate': '2023_12-17 12:14:05.309089', 'tt': {'t': 'transfer', 'from': 'GB56OOIZ71619697872967', 'to': 'GB89NMLU56642887876174'}}, {'amount': '€503,51', 'transactionDate': '2024_01-07 22:21:54.968829', 'tt': {'t': 'charge', 'from': 'GB56OOIZ71619697872967', 'to': 'Null'}}, {'amount': '€907,40', 'transaction date': '2023_06-01 00:13:03.339014', 'tt': {'t': 'deposit', 'from': 'GB56OOIZ71619697872967', 'to': 'Null'}}, {'amount': '€221,1', 'transaction_date': '2007_10-27 23:45:11.669049', 'tt': {'t': 'charge', 'from': 'GB56OOIZ71619697872967', 'to': 'Null'}}, {'amount': '€694,13', 'transactionDate': '2022_02-18 22:41:05.047703', 'tt': {'t': 'transfer', 'from': 'GB56OOIZ71619697872967', 'to': 'GB72YDMV30738991615705'}}, {'amount': '€34,29', 'transaction date': '2006_06-25 11:08:23.592773', 'tt': {'t': 'deposit', 'from': 'GB56OOIZ71619697872967', 'to': None}}, {'amount': '€890,48', 'transaction date': '2021_12-07 04:13:08.373035', 'tt': {'t': 'transfer', 'from': 'GB56OOIZ71619697872967', 'to': 'GB49MFRR63912310983821'}}]",2004-12-12 11:00:54.694169
Richard Miller,"{'address': {'streeet': '1790 Alexander Court Apt. 256', 'city': 'East Juanstad', 'post code': 88203-90235, 'country': 'Algeria'}}",annette85@villarreal-turner.com,Algeria,2009-10-28 10:28:59.698,"[{'amount': '£627,3', 'transaction_date': '2023_03-12 16:50:11.746323', 'tt': {'t': 'charge', 'from': 'GB25HMUT49439677089155', 'to': 'Null'}}, {'amount': '£653,45', 'transactionDate': '2010_11-06 23:07:05.715077', 'tt': {'t': 'withdrawal', 'from': 'GB25HMUT49439677089155', 'to': None}}, {'amount': '£494,96', 'transaction_date': '2024_04-16 07:52:52.626679', 'tt': {'t': 'withdrawal', 'from': 'GB25HMUT49439677089155', 'to': 'Null'}}, {'amount': '£227,24', 'transaction_date': '2018_04-16 19:21:56.940983', 'tt': {'t': 'deposit', 'from': 'GB25HMUT49439677089155', 'to': 'Null'}}, {'amount': '£624,26', 'transaction_date': '2012_03-26 22:25:12.043351', 'tt': {'t': 'deposit', 'from': 'GB25HMUT49439677089155', 'to': 'Null'}}]",2009-10-28 10:28:59.698586
Michael Pham,"{'address': {'streeet': '79771 Ramirez Cliffs Suite 244', 'city': 'Lake Ralphberg', 'post code': 14445-45135, 'country': 'Malaysia'}}",jacksoneric@crawford.com,Malaysia,2017-08-22 22:30:14.420,"[{'amount': '$965,2', 'transaction date': '2018_06-08 08:28:24.168085', 'tt': {'t': 'transfer', 'from': 'GB31FSJY73781226272725', 'to': 'GB33PTEP61218273372610'}}, {'amount': '$952,29', 'transactionDate': '2022_01-31 17:01:28.007169', 'tt': {'t': 'deposit', 'from': 'GB31FSJY73781226272725', 'to': 'Null'}}, {'amount': '$937,17', 'transactionDate': '2019_10-10 17:16:09.637522', 'tt': {'t': 'withdrawal', 'from': 'GB31FSJY73781226272725', 'to': 'Null'}}, {'amount': '$187,13', 'transactionDate': '2021_12-24 18:08:08.168605', 'tt': {'t': 'withdrawal', 'from': 'GB31FSJY73781226272725', 'to': 'Null'}}, {'amount': '$58,15', 'transaction_date': '2019_07-18 18:02:37.324805', 'tt': {'t': 'charge', 'from': 'GB31FSJY73781226272725', 'to': 'Null'}}, {'amount': '$16,68', 'transaction_date': '2023_02-13 12:40:02.633662', 'tt': {'t': 'deposit', 'from': 'GB31FSJY73781226272725', 'to': 'Null'}}, {'amount': '$626,39', 'transaction_date': '2022_05-03 01:30:20.600681', 'tt': {'t': 'transfer', 'from': 'GB31FSJY73781226272725', 'to': 'GB32ALDX80861776041248'}}, {'amount': '$348,33', 'transaction_date': '2024_04-06 13:01:46.556564', 'tt': {'t': 'deposit', 'from': 'GB31FSJY73781226272725', 'to': 'Null'}}, {'amount': '$473,56', 'transactionDate': '2019_05-25 14:34:58.254048', 'tt': {'t': 'transfer', 'from': 'GB31FSJY73781226272725', 'to': 'GB90FBDO62389237233436'}}, {'amount': '$41,75', 'transactionDate': '2021_03-13 15:11:55.105967', 'tt': {'t': 'deposit', 'from': 'GB31FSJY73781226272725', 'to': 'Null'}}]",2017-08-22 22:30:14.420719
Rebecca Thomas,"{'address': {'streeet': '438 Jessica Forest', 'city': 'South Brenda', 'post code': 74198-37662, 'country': 'Bhutan'}}",timothysummers@larsen.com,Bhutan,2004-09-18 10:09:40.232,"[{'amount': '$736,15', 'transaction date': '2013_04-27 04:40:53.503987', 'tt': {'t': 'deposit', 'from': 'GB14KHTH88272291880136', 'to': 'Null'}}, {'amount': '$751,34', 'transaction_date': '2005_04-23 13:45:09.585337', 'tt': {'t': 'withdrawal', 'from': 'GB14KHTH88272291880136', 'to': 'Null'}}, {'amount': '$717,81', 'transaction_date': '2017_02-19 04:24:32.033516', 'tt': {'t': 'withdrawal', 'from': 'GB14KHTH88272291880136', 'to': None}}]",2004-09-18 10:09:40.232209
Christopher Hamilton,"{'address': {'streeet': '341 Carlos Turnpike Suite 954', 'city': 'Williamstown', 'post code': 82616-76486, 'country': 'China'}}   ",tyler01@scott-sims.biz,China,2019-03-14 09:07:36.673,"[{'amount': '$198,23', 'transactionDate': '2023_06-09 12:06:27.717618', 'tt': {'t': 'deposit', 'from': 'GB35NRNH71373679776527', 'to': 'Null'}}, {'amount': '$36,41', 'transaction_date': '2022_05-07 07:32:19.725611', 'tt': {'t': 'withdrawal', 'from': 'GB35NRNH71373679776527', 'to': None}}, {'amount': '$454,95', 'transactionDate': '2019_07-20 12:13:11.099257', 'tt': {'t': 'transfer', 'from': 'GB35NRNH71373679776527', 'to': 'GB58GFTB32324794201193'}}, {'amount': '$333,76', 'transaction date': '2022_02-17 11:11:30.979613', 'tt': {'t': 'deposit', 'from': 'GB35NRNH71373679776527', 'to': None}}, {'amount': '$453,29', 'transaction date': '2019_04-07 04:29:09.633388', 'tt': {'t': 'transfer', 'from': 'GB35NRNH71373679776527', 'to': 'GB56WAPL85468517728031'}}, {'amount': '$807,8', 'transaction_date': '2023_04-19 18:01:09.936210', 'tt': {'t': 'deposit', 'from': 'GB35NRNH71373679776527', 'to': 'Null'}}]",2019-03-14 09:07:36.673908
Richard Anderson,"{'address': {'streeet': '692 Jarvis Squares', 'city': 'Lake Catherine', 'post code': 60747-01963, 'country': 'Senegal'}}",jackiepatel@atkins.com,Senegal,2022-03-23 04:25:29.557,"[{'amount': '£849,64', 'transaction_date': '2022_05-25 18:03:02.788018', 'tt': {'t': 'deposit', 'from': 'GB64JCLH91859325226881', 'to': None}}, {'amount': '£752,34', 'transaction_date': '2024_06-14 14:15:32.709687', 'tt': {'t': 'deposit', 'from': 'GB64JCLH91859325226881', 'to': None}}, {'amount': '£680,13', 'transactionDate': '2023_01-09 15:47:36.715513', 'tt': {'t': 'transfer', 'from': 'GB64JCLH91859325226881', 'to': 'GB48HGFF15029593414890'}}, {'amount': '£27,29', 'transaction_date': '2022_09-16 15:03:00.439163', 'tt': {'t': 'deposit', 'from': 'GB64JCLH91859325226881', 'to': None}}, {'amount': '£285,36', 'transaction date': '2024_11-27 04:07:28.975178', 'tt': {'t': 'withdrawal', 'from': 'GB64JCLH91859325226881', 'to': None}}, {'amount': '£462,24', 'transactionDate': '2022_11-19 21:56:57.760265', 'tt': {'t': 'charge', 'from': 'GB64JCLH91859325226881', 'to': None}}]",2022-03-23 04:25:29.557151
Jessica Morgan,"{'address': {'streeet': '340 Roy Estate Suite 244', 'city': 'Wilsonshire', 'post code': 53091-59176, 'country': 'Namibia'}}",gbrown@kramer.com,Namibia,2019-12-31 18:31:13.635,"[{'amount': '$517,67', 'transaction date': '2020_05-03 18:50:45.163528', 'tt': {'t': 'charge', 'from': 'GB88LXRA87371423458963', 'to': 'Null'}}]",2019-12-31 18:31:13.635864
Cassandra Erickson,"{'address': {'streeet': '5590 Jackie Forks Apt. 294', 'city': 'Dawnmouth', 'post code': 51994-61776, 'country': 'Czech Republic'}}",patricia73@mclaughlin.org,Czech Republic,2020-01-09 13:41:33.826,"[{'amount': '£491,86', 'transaction date': '2020_07-23 08:37:48.084857', 'tt': {'t': 'charge', 'from': 'GB08VOYA05885305263416', 'to': 'Null'}}]",2020-01-09 13:41:33.826627
Christopher Williams MD,"{'address': {'streeet': '7398 Hebert Meadows Suite 284', 'city': 'Newmanstad', 'post code': 57496-60395, 'country': 'Finland'} }",brandon02@martinez-martin.com,Finland,2023-05-25 15:41:43.843,"[{'amount': '€608,0', 'transactionDate': '2024_07-22 00:32:41.603612', 'tt': {'t': 'withdrawal', 'from': 'GB64IMZW62539258876121', 'to': 'Null'}}, {'amount': '€678,25', 'transaction date': '2024_11-21 02:21:59.307356', 'tt': {'t': 'charge', 'from': 'GB64IMZW62539258876121', 'to': None}}, {'amount': '€603,64', 'transaction_date': '2024_08-16 20:28:36.161850', 'tt': {'t': 'transfer', 'from': 'GB64IMZW62539258876121', 'to': 'GB07BUEK79409052075738'}}, {'amount': '€456,80', 'transaction_date': '2023_06-25 12:53:41.004911', 'tt': {'t': 'charge', 'from': 'GB64IMZW62539258876121', 'to': 'Null'}}, {'amount': '€336,73', 'transaction date': '2023_07-30 12:55:38.825326', 'tt': {'t': 'transfer', 'from': 'GB64IMZW62539258876121', 'to': 'GB15WZTC27703542604317'}}, {'amount': '€617,38', 'transaction date': '2024_05-31 11:11:23.419735', 'tt': {'t': 'transfer', 'from': 'GB64IMZW62539258876121', 'to': 'GB70OODD04399549488795'}}, {'amount': '€37,49', 'transaction_date': '2024_05-30 03:30:28.897500', 'tt': {'t': 'charge', 'from': 'GB64IMZW62539258876121', 'to': 'Null'}}, {'amount': '€711,60', 'transaction_date': '2024_07-01 15:20:52.803418', 'tt': {'t': 'transfer', 'from': 'GB64IMZW62539258876121', 'to': 'GB28VIGI51240717953728'}}, {'amount': '€780,36', 'transactionDate': '2024_01-21 20:37:41.399879', 'tt': {'t': 'withdrawal', 'from': 'GB64IMZW62539258876121', 'to': None}}, {'amount': '€936,23', 'transactionDate': '2024_04-15 01:55:03.848651', 'tt': {'t': 'charge', 'from': 'GB64IMZW62539258876121', 'to': 'Null'}}]",2023-05-25 15:41:43.843111
Randy Ruiz,"{'address': {'streeet': '6858 Galloway Rue', 'city': 'Nicolemouth', 'post code': 27955-76222, 'country': 'Thailand'}}",stephen75@white.com,Thailand,2012-09-07 13:56:16.747,"[{'amount': '£492,87', 'transactionDate': '2016_11-25 09:59:03.309206', 'tt': {'t': 'withdrawal', 'from': 'GB46DABD46039754668083', 'to': 'Null'}}, {'amount': '£727,63', 'transactionDate': '2019_06-11 23:44:24.300626', 'tt': {'t': 'withdrawal', 'from': 'GB46DABD46039754668083', 'to': 'Null'}}, {'amount': '£915,71', 'transaction_date': '2020_02-01 10:24:35.198629', 'tt': {'t': 'deposit', 'from': 'GB46DABD46039754668083', 'to': 'Null'}}, {'amount': '£293,73', 'transaction_date': '2023_02-12 08:44:42.180113', 'tt': {'t': 'withdrawal', 'from': 'GB46DABD46039754668083', 'to': None}}]",2012-09-07 13:56:16.747559
Stephanie Reyes,"{'address': {'streeet': '48873 Carney Brook', 'city': 'South Michael', 'post code': 71840-65954, 'country': 'Andorra'}",jenna63@young.com,Andorra,2011-05-30 16:29:53.677,"[{'amount': '$405,69', 'transactionDate': '2015_08-12 03:02:51.673048', 'tt': {'t': 'transfer', 'from': 'GB81JBAC88038097315278', 'to': 'GB60TEUU04838032989038'}}, {'amount': '$940,75', 'transaction_date': '2019_02-08 18:30:25.195652', 'tt': {'t': 'deposit', 'from': 'GB81JBAC88038097315278', 'to': None}}]",2011-05-30 16:29:53.677882
Jeanette Hernandez,"{'address': {'streeet': '8454 Washington Hill Suite 705', 'city': 'New Susan', 'post code': 93697-33942, 'country': 'Madagascar'}}   ",mroberts@johnson-ford.com,Madagascar,2003-11-11 23:58:11.158,"[{'amount': '€686,33', 'transaction_date': '2022_03-09 22:16:54.333021', 'tt': {'t': 'charge', 'from': 'GB14EAZR77544311805000', 'to': None}}, {'amount': '€255,95', 'transaction date': '2021_03-10 17:12:53.381855', 'tt': {'t': 'charge', 'from': 'GB14EAZR77544311805000', 'to': 'Null'}}, {'amount': '€582,34', 'transaction_date': '2008_02-20 11:56:38.023413', 'tt': {'t': 'withdrawal', 'from': 'GB14EAZR77544311805000', 'to': 'Null'}}]",2003-11-11 23:58:11.158967
Tina Case,"{'address': {'streeet': '019 Kenneth Flats Suite 167', 'city': 'West Jonathan', 'post code': 03338-21206, 'country': 'Comoros'}}",melinda95@owens-sloan.org,Comoros,2017-10-15 14:22:25.190,[],2017-10-15 14:22:25.190685
Jennifer George,"{'address': {'streeet': '406 Brown Wall', 'city': 'Kimberlychester', 'post code': 64879-63192, 'country': 'Albania'}}   ",davidcarter@norton.net,Albania,2023-01-04 07:06:23.514,"[{'amount': '£986,27', 'transactionDate': '2023_02-24 21:29:55.186601', 'tt': {'t': 'charge', 'from': 'GB76XTSL20607135288553', 'to': 'Null'}}, {'amount': '£389,89', 'transactionDate': '2024_05-27 10:53:41.237511', 'tt': {'t': 'deposit', 'from': 'GB76XTSL20607135288553', 'to': 'Null'}}, {'amount': '£42,17', 'transaction date': '2024_09-02 13:47:01.778729', 'tt': {'t': 'deposit', 'from': 'GB76XTSL20607135288553', 'to': 'Null'}}, {'amount': '£332,17', 'transaction_date': '2024_05-08 14:36:05.433370', 'tt': {'t': 'transfer', 'from': 'GB76XTSL20607135288553', 'to': 'GB94SAXA15253932954602'}}, {'amount': '£875,32', 'transaction_date': '2024_05-09 23:58:00.712524', 'tt': {'t': 'transfer', 'from': 'GB76XTSL20607135288553', 'to': 'GB94QTFQ61308650937369'}}, {'amount': '£257,64', 'transactionDate': '2024_06-19 18:00:00.300008', 'tt': {'t': 'deposit', 'from': 'GB76XTSL20607135288553', 'to': None}}, {'amount': '£217,65', 'transaction_date': '2024_01-07 05:36:40.124672', 'tt': {'t': 'transfer', 'from': 'GB76XTSL20607135288553', 'to': 'GB91GCBH53019043865544'}}, {'amount': '£230,82', 'transaction_date': '2024_09-10 13:00:52.378769', 'tt': {'t': 'charge', 'from': 'GB76XTSL20607135288553', 'to': 'Null'}}, {'amount': '£101,46', 'transaction_date': '2024_09-22 17:35:39.026123', 'tt': {'t': 'deposit', 'from': 'GB76XTSL20607135288553', 'to': 'Null'}}, {'amount': '£288,46', 'transactionDate': '2024_09-04 02:42:00.426268', 'tt': {'t': 'deposit', 'from': 'GB76XTSL20607135288553', 'to': None}}]",2023-01-04 07:06:23.514855
Steven Small,"{'address': {'streeet': '608 Samantha Route', 'city': 'Lake Christineport', 'post code': 54592-18646, 'country': 'Dominica'}}",uhood@smith.com,Dominica,2012-11-28 04:46:43.991,"[{'amount': '€78,32', 'transaction_date': '2018_12-03 01:14:42.714094', 'tt': {'t': 'transfer', 'from': 'GB19ICBF45341279427251', 'to': 'GB37LGQR57089989648712'}}, {'amount': '€498,67', 'transactionDate': '2015_02-19 23:16:19.645313', 'tt': {'t': 'withdrawal', 'from': 'GB19ICBF45341279427251', 'to': None}}, {'amount': '€411,37', 'transaction date': '2018_06-28 05:07:27.400178', 'tt': {'t': 'charge', 'from': 'GB19ICBF45341279427251', 'to': 'Null'}}, {'amount': '€367,93', 'transactionDate': '2020_12-02 06:46:48.732427', 'tt': {'t': 'withdrawal', 'from': 'GB19ICBF45341279427251', 'to': None}}, {'amount': '€5,65', 'transaction date': '2021_07-03 17:49:12.405038', 'tt': {'t': 'transfer', 'from': 'GB19ICBF45341279427251', 'to': 'GB20KBFN08302463969173'}}, {'amount': '€920,66', 'transactionDate': '2023_06-05 18:30:55.270337', 'tt': {'t': 'deposit', 'from': 'GB19ICBF45341279427251', 'to': 'Null'}}]",2012-11-28 04:46:43.991025
Victoria Blake,"{'address': {'streeet': '196 Obrien Square Apt. 311', 'city': 'Smithville', 'post code': 53301-67257, 'country': 'Estonia'}}   ",crystal36@ryan-hansen.info,Estonia,2020-10-26 14:15:18.065,"[{'amount': '€1000,43', 'transaction date': '2021_02-12 20:55:04.302236', 'tt': {'t': 'transfer', 'from': 'GB02DVIZ34849302174303', 'to': 'GB09NAOV61770576497536'}}, {'amount': '€734,91', 'transaction_date': '2021_09-30 20:47:36.945618', 'tt': {'t': 'transfer', 'from': 'GB02DVIZ34849302174303', 'to': 'GB14ISDV50891367184593'}}, {'amount': '€95,11', 'transaction date': '2022_03-31 20:15:51.167981', 'tt': {'t': 'deposit', 'from': 'GB02DVIZ34849302174303', 'to': 'Null'}}]",2020-10-26 14:15:18.065088
John Marquez,"{'address': {'streeet': '76690 Brett Village', 'city': 'Port Gregorychester', 'post code': 52008-76878, 'country': 'Saint Lucia'}}   ",eric23@ponce.com,Saint Lucia,2008-08-22 06:55:07.631,"[{'amount': '€961,22', 'transactionDate': '2018_09-08 20:55:56.352845', 'tt': {'t': 'transfer', 'from': 'GB19OOTV09318025421775', 'to': 'GB90XKAP28439240548854'}}, {'amount': '€146,97', 'transaction date': '2017_08-11 05:02:12.868151', 'tt': {'t': 'charge', 'from': 'GB19OOTV09318025421775', 'to': None}}]",2008-08-22 06:55:07.631223
Charles Phillips,"{'address': {'streeet': '25910 Coffey Plains Suite 639', 'city': 'Danielleside', 'post code': 66791-72930, 'country': 'United States of America'}}",hardysusan@andersen-king.info,United States of America,2006-01-19 14:02:31.165,"[{'amount': '€458,81', 'transactionDate': '2022_01-13 04:17:24.756578', 'tt': {'t': 'deposit', 'from': 'GB76DYJA46686049807025', 'to': 'Null'}}, {'amount': '€636,1', 'transaction date': '2020_05-29 03:35:07.180130', 'tt': {'t': 'charge', 'from': 'GB76DYJA46686049807025', 'to': 'Null'}}]",2006-01-19 14:02:31.165023
Stacey Newman,"{'address': {'streeet': '0895 Porter Lakes Apt. 718', 'city': 'Sosastad', 'post code': 58639-27810, 'country': 'Nigeria'}}",leahbarnes@diaz.biz,Nigeria,2022-03-30 01:23:59.678,[],2022-03-30 01:23:59.678215
Jennifer Hines,"{'address': {'streeet': '448 Richardson Route Suite 040', 'city': 'New Daniel', 'post code': 67384-44875, 'country': 'Sri Lanka'}}   ",bharrington@castillo.net,Sri Lanka,2003-05-19 02:58:27.984,"[{'amount': '$268,68', 'transactionDate': '2020_10-26 12:56:43.563302', 'tt': {'t': 'deposit', 'from': 'GB27EUON97334689741614', 'to': None}}]",2003-05-19 02:58:27.984027
Bruce Whitaker,"{'address': {'streeet': '874 Schultz Trafficway Suite 345', 'city': 'Lake Steven', 'post code': 41237-84478, 'country': 'Andorra'}}",aguilarnicole@holmes-andersen.org,Andorra,2018-03-11 23:22:50.773,"[{'amount': '$199,15', 'transaction date': '2020_05-11 14:00:49.804920', 'tt': {'t': 'withdrawal', 'from': 'GB97IKLK25865312477256', 'to': None}}]",2018-03-11 23:22:50.773828
Jeremiah Howard,"{'address': {'streeet': '825 Williams Shoal', 'city': 'Archerchester', 'post code': 56498-90615, 'country': 'Luxembourg'}}",myersdylan@strickland.com,Luxembourg,2004-03-20 14:52:12.281,"[{'amount': '$446,79', 'transaction date': '2011_06-16 02:41:48.740885', 'tt': {'t': 'withdrawal', 'from': 'GB68IIGD87717364757167', 'to': 'Null'}}, {'amount': '$451,39', 'transaction_date': '2018_02-13 01:22:14.596658', 'tt': {'t': 'transfer', 'from': 'GB68IIGD87717364757167', 'to': 'GB92AAGC27715272350610'}}, {'amount': '$134,86', 'transaction date': '2012_08-02 14:08:21.743677', 'tt': {'t': 'withdrawal', 'from': 'GB68IIGD87717364757167', 'to': None}}]",2004-03-20 14:52:12.281418
Steven Anderson,"{'address': {'streeet': '5168 Lisa Stream', 'city': 'North Julietown', 'post code': 99038-53122, 'country': 'Norway'}",longnathan@forbes.info,Norway,2013-02-28 19:32:51.639,"[{'amount': '£665,47', 'transaction_date': '2018_07-27 02:46:25.263398', 'tt': {'t': 'withdrawal', 'from': 'GB35QBTZ32483614674327', 'to': 'Null'}}, {'amount': '£113,30', 'transaction_date': '2023_02-09 07:35:14.338867', 'tt': {'t': 'charge', 'from': 'GB35QBTZ32483614674327', 'to': None}}, {'amount': '£779,34', 'transaction date': '2013_12-25 22:02:40.814023', 'tt': {'t': 'deposit', 'from': 'GB35QBTZ32483614674327', 'to': None}}, {'amount': '£832,66', 'transaction_date': '2014_03-02 00:31:48.209353', 'tt': {'t': 'transfer', 'from': 'GB35QBTZ32483614674327', 'to': 'GB39BJYS50594671728141'}}, {'amount': '£668,22', 'transactionDate': '2022_12-02 08:09:47.267898', 'tt': {'t': 'deposit', 'from': 'GB35QBTZ32483614674327', 'to': None}}, {'amount': '£318,70', 'transactionDate': '2020_09-01 23:39:26.046113', 'tt': {'t': 'transfer', 'from': 'GB35QBTZ32483614674327', 'to': 'GB70ELAM08392669980029'}}, {'amount': '£948,44', 'transaction_date': '2015_12-19 09:21:33.114311', 'tt': {'t': 'charge', 'from': 'GB35QBTZ32483614674327', 'to': 'Null'}}, {'amount': '£919,7', 'transactionDate': '2022_12-20 07:41:57.365849', 'tt': {'t': 'withdrawal', 'from': 'GB35QBTZ32483614674327', 'to': None}}, {'amount': '£320,60', 'transaction date': '2017_11-27 09:14:34.258256', 'tt': {'t': 'deposit', 'from': 'GB35QBTZ32483614674327', 'to': 'Null'}}]",2013-02-28 19:32:51.639897
Kimberly Stein,"{'address': {'streeet': '91076 Rodriguez Glen Apt. 894', 'city': 'Williamland', 'post code': 19709-42440, 'country': 'Saint Kitts and Nevis'}}",pmayer@kim-collins.com,Saint Kitts and Nevis,2021-11-02 01:17:19.406,"[{'amount': '$450,35', 'transactionDate': '2022_10-23 11:28:43.625377', 'tt': {'t': 'transfer', 'from': 'GB06ONCZ70058139471436', 'to': 'GB82HZWD38471253206179'}}, {'amount': '$225,59', 'transaction date': '2022_07-31 23:55:11.926233', 'tt': {'t': 'charge', 'from': 'GB06ONCZ70058139471436', 'to': None}}, {'amount': '$268,30', 'transactionDate': '2024_08-02 12:00:58.571199', 'tt': {'t': 'withdrawal', 'from': 'GB06ONCZ70058139471436', 'to': 'Null'}}, {'amount': '$294,60', 'transactionDate': '2023_04-22 22:59:42.613978', 'tt': {'t': 'charge', 'from': 'GB06ONCZ70058139471436', 'to': None}}, {'amount': '$149,46', 'transaction_date': '2024_04-17 15:38:19.652491', 'tt': {'t': 'deposit', 'from': 'GB06ONCZ70058139471436', 'to': 'Null'}}, {'amount': '$307,32', 'transactionDate': '2024_05-20 23:14:40.684589', 'tt': {'t': 'deposit', 'from': 'GB06ONCZ70058139471436', 'to': None}}, {'amount': '$353,26', 'transaction date': '2024_06-13 22:06:15.249496', 'tt': {'t': 'deposit', 'from': 'GB06ONCZ70058139471436', 'to': None}}, {'amount': '$968,3', 'transactionDate': '2023_03-30 10:26:21.034853', 'tt': {'t': 'transfer', 'from': 'GB06ONCZ70058139471436', 'to': 'GB52YPJJ16696315221039'}}, {'amount': '$850,47', 'transaction_date': '2023_09-12 22:38:43.121875', 'tt': {'t': 'deposit', 'from': 'GB06ONCZ70058139471436', 'to': 'Null'}}, {'amount': '$574,10', 'transactionDate': '2024_09-04 04:22:33.344224', 'tt': {'t': 'transfer', 'from': 'GB06ONCZ70058139471436', 'to': 'GB21NHKG36197378927338'}}]",2021-11-02 01:17:19.406476
Olivia Sharp,"{'address': {'streeet': '7653 Hill Greens Apt. 734', 'city': 'Lindaberg', 'post code': 85021-14421, 'country': 'Nicaragua'}}",fcampbell@nguyen.net,Nicaragua,2001-04-23 01:01:16.487,"[{'amount': '€160,1', 'transaction_date': '2018_07-04 08:52:21.850218', 'tt': {'t': 'transfer', 'from': 'GB53TGKK08952116382198', 'to': 'GB95BIHE88744311339955'}}, {'amount': '€506,99', 'transactionDate': '2025_02-02 01:54:21.292357', 'tt': {'t': 'transfer', 'from': 'GB53TGKK08952116382198', 'to': 'GB12PKTE40413092535321'}}, {'amount': '€735,16', 'transactionDate': '2004_11-09 00:34:51.975833', 'tt': {'t': 'charge', 'from': 'GB53TGKK08952116382198', 'to': None}}, {'amount': '€195,69', 'transaction_date': '2018_08-10 00:48:19.061623', 'tt': {'t': 'deposit', 'from': 'GB53TGKK08952116382198', 'to': None}}, {'amount': '€886,8', 'transactionDate': '2014_12-14 12:37:32.032435', 'tt': {'t': 'withdrawal', 'from': 'GB53TGKK08952116382198', 'to': 'Null'}}, {'amount': '€17,64', 'transaction_date': '2016_12-27 07:51:30.647896', 'tt': {'t': 'transfer', 'from': 'GB53TGKK08952116382198', 'to': 'GB35FYZC70060263465126'}}, {'amount': '€168,35', 'transaction_date': '2023_06-02 00:19:00.852864', 'tt': {'t': 'charge', 'from': 'GB53TGKK08952116382198', 'to': None}}]",2001-04-23 01:01:16.487529
Shawn White,"{'address': {'streeet': '2001 Herrera Falls Suite 347', 'city': 'North David', 'post code': 68649-94995, 'country': 'Indonesia'} }",maryowens@walls.com,Indonesia,2010-06-15 12:22:35.930,"[{'amount': '€931,12', 'transactionDate': '2012_06-13 01:46:19.877854', 'tt': {'t': 'transfer', 'from': 'GB43KVZF06419113335415', 'to': 'GB04CEXE35990793226611'}}, {'amount': '€435,26', 'transaction date': '2017_05-24 06:47:27.572994', 'tt': {'t': 'charge', 'from': 'GB43KVZF06419113335415', 'to': None}}, {'amount': '€222,74', 'transaction_date': '2018_07-18 12:05:44.843657', 'tt': {'t': 'transfer', 'from': 'GB43KVZF06419113335415', 'to': 'GB93ZRHY38765721837217'}}, {'amount': '€57,18', 'transactionDate': '2011_07-20 00:26:29.276197', 'tt': {'t': 'deposit', 'from': 'GB43KVZF06419113335415', 'to': None}}, {'amount': '€875,39', 'transaction_date': '2013_07-05 05:08:02.967633', 'tt': {'t': 'transfer', 'from': 'GB43KVZF06419113335415', 'to': 'GB47LWVL85830416116752'}}]",2010-06-15 12:22:35.930560
Erik Martin,"{'address': {'streeet': '45253 Leonard Brooks', 'city': 'Matthewfurt', 'post code': 85695-94658, 'country': 'Belgium'}}",vvargas@lee.com,Belgium,2022-09-10 09:23:37.109,"[{'amount': '£65,63', 'transaction_date': '2025_01-04 04:53:32.421672', 'tt': {'t': 'deposit', 'from': 'GB48JFVK12136381229378', 'to': None}}, {'amount': '£27,90', 'transaction date': '2024_12-08 12:48:41.682222', 'tt': {'t': 'charge', 'from': 'GB48JFVK12136381229378', 'to': None}}]",2022-09-10 09:23:37.109539
Jon Ball,"{'address': {'streeet': '938 Solomon Land Suite 524', 'city': 'Judyfurt', 'post code': 56241-79937, 'country': 'India'}}   ",mcopeland@wood.com,India,2003-04-21 06:58:12.541,[],2003-04-21 06:58:12.541528
Katrina Ramirez,"{'address': {'streeet': '05441 Thomas Pines Apt. 426', 'city': 'Port Sandra', 'post code': 05281-94624, 'country': 'Reunion'}}",martinezshawn@cooke.com,Reunion,2019-08-25 22:31:38.371,"[{'amount': '£419,71', 'transaction date': '2024_01-03 20:56:28.891601', 'tt': {'t': 'transfer', 'from': 'GB48SQJI38507162695406', 'to': 'GB72OPJB37577345670122'}}, {'amount': '£792,47', 'transaction_date': '2023_06-08 00:29:43.574416', 'tt': {'t': 'deposit', 'from': 'GB48SQJI38507162695406', 'to': None}}, {'amount': '£784,79', 'transaction date': '2020_08-14 22:36:40.565079', 'tt': {'t': 'withdrawal', 'from': 'GB48SQJI38507162695406', 'to': None}}, {'amount': '£725,30', 'transactionDate': '2024_12-10 15:57:02.695801', 'tt': {'t': 'withdrawal', 'from': 'GB48SQJI38507162695406', 'to': 'Null'}}, {'amount': '£840,20', 'transaction date': '2020_11-14 04:42:32.383883', 'tt': {'t': 'withdrawal', 'from': 'GB48SQJI38507162695406', 'to': None}}, {'amount': '£199,94', 'transaction date': '2025_01-23 00:31:50.073710', 'tt': {'t': 'charge', 'from': 'GB48SQJI38507162695406', 'to': 'Null'}}, {'amount': '£970,65', 'transactionDate': '2020_11-24 06:27:36.597865', 'tt': {'t': 'charge', 'from': 'GB48SQJI38507162695406', 'to': None}}, {'amount': '£154,26', 'transaction_date': '2021_10-31 12:39:51.985135', 'tt': {'t': 'charge', 'from': 'GB48SQJI38507162695406', 'to': 'Null'}}]",2019-08-25 22:31:38.371645
Aaron Taylor,"{'address': {'streeet': '71350 Solomon Street Suite 142', 'city': 'Fuentestown', 'post code': 15394-14783, 'country': 'Saint Pierre and Miquelon'}}",barbaragarcia@gutierrez.com,Saint Pierre and Miquelon,2011-09-30 23:22:21.660,"[{'amount': '$853,12', 'transactionDate': '2014_07-13 01:06:53.562486', 'tt': {'t': 'withdrawal', 'from': 'GB09WPCP31467981267680', 'to': None}}, {'amount': '$787,3', 'transactionDate': '2012_03-03 13:58:39.376731', 'tt': {'t': 'deposit', 'from': 'GB09WPCP31467981267680', 'to': 'Null'}}, {'amount': '$887,59', 'transaction_date': '2016_10-30 15:52:08.946316', 'tt': {'t': 'withdrawal', 'from': 'GB09WPCP31467981267680', 'to': None}}]",2011-09-30 23:22:21.660858
Lauren Ballard,"{'address': {'streeet': '0629 Burns View Suite 033', 'city': 'Josephchester', 'post code': 23283-90375, 'country': 'Azerbaijan'}}",vjohnson@jones.com,Azerbaijan,2023-11-22 20:38:28.017,"[{'amount': '$81,38', 'transaction date': '2024_08-16 02:54:10.701010', 'tt': {'t': 'charge', 'from': 'GB98YWHU72907879063753', 'to': None}}]",2023-11-22 20:38:28.017410
Jesus Hall,"{'address': {'streeet': '1229 Johnson Motorway Apt. 936', 'city': 'Port Robintown', 'post code': 62634-21959, 'country': 'Djibouti'}}",oscar30@kennedy.org,Djibouti,2017-06-14 11:08:16.821,[],2017-06-14 11:08:16.821752
Kyle Sloan,"{'address': {'streeet': '9337 Walker Mountain Suite 902', 'city': 'Cooperberg', 'post code': 35925-39370, 'country': 'Niue'}}",luis05@le.com,Niue,2020-11-22 10:56:56.976,"[{'amount': '€328,89', 'transaction date': '2023_06-06 23:32:32.936764', 'tt': {'t': 'deposit', 'from': 'GB50LFBN19453457955267', 'to': 'Null'}}]",2020-11-22 10:56:56.976413
Ryan Jenkins,"{'address': {'streeet': '4334 Martha Falls', 'city': 'Parksburgh', 'post code': 54690-85420, 'country': 'South Africa'}}",gcollins@briggs.com,South Africa,2007-04-05 22:58:58.812,"[{'amount': '£334,23', 'transaction_date': '2023_05-03 07:21:27.354223', 'tt': {'t': 'withdrawal', 'from': 'GB66BYCH12489719057321', 'to': 'Null'}}, {'amount': '£534,78', 'transaction date': '2019_11-06 06:29:22.234915', 'tt': {'t': 'deposit', 'from': 'GB66BYCH12489719057321', 'to': None}}, {'amount': '£633,18', 'transactionDate': '2011_07-11 08:32:52.360456', 'tt': {'t': 'withdrawal', 'from': 'GB66BYCH12489719057321', 'to': None}}, {'amount': '£10,76', 'transactionDate': '2013_12-28 19:07:25.323395', 'tt': {'t': 'charge', 'from': 'GB66BYCH12489719057321', 'to': 'Null'}}, {'amount': '£553,60', 'transaction_date': '2023_10-23 15:35:24.145335', 'tt': {'t': 'withdrawal', 'from': 'GB66BYCH12489719057321', 'to': None}}, {'amount': '£324,97', 'transactionDate': '2012_08-08 17:41:39.331951', 'tt': {'t': 'withdrawal', 'from': 'GB66BYCH12489719057321', 'to': 'Null'}}]",2007-04-05 22:58:58.812387
Gregory Friedman,"{'address': {'streeet': '610 Singh Flats Suite 572', 'city': 'Stephenbury', 'post code': 68501-80550, 'country': 'Korea'}}",christian37@kerr.net,Korea,2022-11-19 04:58:31.771,"[{'amount': '£727,53', 'transaction date': '2024_07-10 07:37:05.837607', 'tt': {'t': 'charge', 'from': 'GB57ALGR15262937064758', 'to': None}}, {'amount': '£213,46', 'transaction_date': '2024_03-14 11:23:44.811387', 'tt': {'t': 'charge', 'from': 'GB57ALGR15262937064758', 'to': None}}, {'amount': '£609,91', 'transaction_date': '2023_02-23 22:53:59.588053', 'tt': {'t': 'withdrawal', 'from': 'GB57ALGR15262937064758', 'to': None}}]",2022-11-19 04:58:31.771501
Jacob Morris,"{'address': {'streeet': '556 Velazquez Points', 'city': 'Bobbyshire', 'post code': 70376-81857, 'country': 'Northern Mariana Islands'}}",melissadunlap@king-austin.org,Northern Mariana Islands,2011-04-01 13:19:55.178,"[{'amount': '$241,66', 'transaction_date': '2024_03-18 04:14:31.057137', 'tt': {'t': 'transfer', 'from': 'GB87GZIO63583111449857', 'to': 'GB19XZOQ98832263961752'}}, {'amount': '$414,42', 'transaction_date': '2020_03-26 07:09:00.298067', 'tt': {'t': 'deposit', 'from': 'GB87GZIO63583111449857', 'to': None}}]",2011-04-01 13:19:55.178736
Shawn Bell,"{'address': {'streeet': '208 Harris Walk Apt. 275', 'city': 'Meghanstad', 'post code': 75497-08499, 'country': 'Lithuania'}}   ",douglasvazquez@green-jones.org,Lithuania,2004-11-01 01:12:32.580,"[{'amount': '€165,54', 'transaction_date': '2009_12-04 11:58:18.028641', 'tt': {'t': 'withdrawal', 'from': 'GB44JLSX10427711973972', 'to': 'Null'}}, {'amount': '€890,19', 'transaction date': '2024_04-06 18:10:33.142714', 'tt': {'t': 'withdrawal', 'from': 'GB44JLSX10427711973972', 'to': None}}, {'amount': '€706,49', 'transaction_date': '2009_05-14 10:05:26.262020', 'tt': {'t': 'withdrawal', 'from': 'GB44JLSX10427711973972', 'to': None}}, {'amount': '€335,67', 'transactionDate': '2009_12-01 14:40:58.176239', 'tt': {'t': 'transfer', 'from': 'GB44JLSX10427711973972', 'to': 'GB36MNEQ75692277201423'}}, {'amount': '€478,58', 'transactionDate': '2020_04-14 22:26:13.690136', 'tt': {'t': 'deposit', 'from': 'GB44JLSX10427711973972', 'to': 'Null'}}, {'amount': '€218,80', 'transactionDate': '2023_08-02 03:23:10.352763', 'tt': {'t': 'deposit', 'from': 'GB44JLSX10427711973972', 'to': 'Null'}}]",2004-11-01 01:12:32.580152
Tabitha Harris,"{'address': {'streeet': '575 Alexa Light Apt. 752', 'city': 'South Jason', 'post code': 27343-91578, 'country': 'Moldova'}}",cfloyd@luna.com,Moldova,2013-10-22 02:47:57.834,"[{'amount': '$281,90', 'transaction_date': '2021_05-27 19:35:09.795261', 'tt': {'t': 'withdrawal', 'from': 'GB28HLUB87121393639254', 'to': 'Null'}}, {'amount': '$744,87', 'transaction date': '2017_11-13 06:24:58.323391', 'tt': {'t': 'transfer', 'from': 'GB28HLUB87121393639254', 'to': 'GB85RVBI55901064608477'}}, {'amount': '$513,0', 'transaction date': '2015_10-28 13:20:08.025546', 'tt': {'t': 'transfer', 'from': 'GB28HLUB87121393639254', 'to': 'GB13IROW31430569923023'}}, {'amount': '$513,61', 'transaction date': '2023_01-31 00:48:14.276564', 'tt': {'t': 'deposit', 'from': 'GB28HLUB87121393639254', 'to': None}}, {'amount': '$63,93', 'transaction date': '2021_12-04 19:30:52.156481', 'tt': {'t': 'withdrawal', 'from': 'GB28HLUB87121393639254', 'to': 'Null'}}, {'amount': '$561,22', 'transaction_date': '2014_09-29 07:14:05.026771', 'tt': {'t': 'deposit', 'from': 'GB28HLUB87121393639254', 'to': None}}, {'amount': '$957,82', 'transaction_date': '2022_05-21 06:38:57.746968', 'tt': {'t': 'withdrawal', 'from': 'GB28HLUB87121393639254', 'to': None}}]",2013-10-22 02:47:57.834623
Julie Davis,"{'address': {'streeet': '155 Chambers Forks', 'city': 'West Wesley', 'post code': 88390-03638, 'country': 'Germany'} }",wendy09@lee.net,Germany,2006-06-17 17:19:00.095,"[{'amount': '$948,98', 'transaction date': '2020_03-03 10:21:04.484493', 'tt': {'t': 'deposit', 'from': 'GB22JQSI00495302091258', 'to': 'Null'}}, {'amount': '$465,80', 'transactionDate': '2016_12-25 16:42:26.189557', 'tt': {'t': 'transfer', 'from': 'GB22JQSI00495302091258', 'to': 'GB26BGXW99888956433065'}}, {'amount': '$956,0', 'transaction_date': '2009_05-30 21:15:52.998079', 'tt': {'t': 'transfer', 'from': 'GB22JQSI00495302091258', 'to': 'GB82IHQB39332135037374'}}, {'amount': '$487,65', 'transaction_date': '2014_10-18 04:20:29.851165', 'tt': {'t': 'deposit', 'from': 'GB22JQSI00495302091258', 'to': 'Null'}}, {'amount': '$83,59', 'transactionDate': '2017_12-17 05:31:06.191630', 'tt': {'t': 'withdrawal', 'from': 'GB22JQSI00495302091258', 'to': None}}, {'amount': '$67,20', 'transactionDate': '2013_01-18 21:41:34.779262', 'tt': {'t': 'withdrawal', 'from': 'GB22JQSI00495302091258', 'to': None}}, {'amount': '$100,30', 'transactionDate': '2019_09-13 20:08:42.603286', 'tt': {'t': 'charge', 'from': 'GB22JQSI00495302091258', 'to': 'Null'}}, {'amount': '$53,16', 'transaction date': '2011_02-17 22:52:02.338531', 'tt': {'t': 'transfer', 'from': 'GB22JQSI00495302091258', 'to': 'GB06NCHE90603201521830'}}, {'amount': '$965,95', 'transactionDate': '2023_08-18 15:08:40.758059', 'tt': {'t': 'deposit', 'from': 'GB22JQSI00495302091258', 'to': 'Null'}}]",2006-06-17 17:19:00.095246
Jennifer Rodriguez,"{'address': {'streeet': '02857 Bush Stream Apt. 440', 'city': 'New Josephshire', 'post code': 16519-92989, 'country': 'Saint Kitts and Nevis'}}",brittany60@morton-garcia.com,Saint Kitts and Nevis,2016-03-30 16:36:25.925,"[{'amount': '$817,89', 'transactionDate': '2020_10-01 00:25:26.850186', 'tt': {'t': 'withdrawal', 'from': 'GB30QMDF19900758832674', 'to': 'Null'}}, {'amount': '$968,17', 'transactionDate': '2019_06-08 10:09:24.145650', 'tt': {'t': 'deposit', 'from': 'GB30QMDF19900758832674', 'to': None}}, {'amount': '$361,61', 'transaction_date': '2020_04-22 18:13:03.742034', 'tt': {'t': 'deposit', 'from': 'GB30QMDF19900758832674', 'to': None}}, {'amount': '$258,14', 'transactionDate': '2022_04-09 17:11:35.721549', 'tt': {'t': 'withdrawal', 'from': 'GB30QMDF19900758832674', 'to': 'Null'}}, {'amount': '$168,22', 'transaction_date': '2023_10-22 12:13:50.214355', 'tt': {'t': 'transfer', 'from': 'GB30QMDF19900758832674', 'to': 'GB24MBYB28288187497034'}}, {'amount': '$42,54', 'transaction_date': '2022_10-17 23:08:55.381686', 'tt': {'t': 'deposit', 'from': 'GB30QMDF19900758832674', 'to': 'Null'}}, {'amount': '$263,36', 'transactionDate': '2023_09-11 12:36:39.360095', 'tt': {'t': 'charge', 'from': 'GB30QMDF19900758832674', 'to': 'Null'}}, {'amount': '$728,62', 'transaction_date': '2020_10-13 22:53:44.785809', 'tt': {'t': 'deposit', 'from': 'GB30QMDF19900758832674', 'to': 'Null'}}, {'amount': '$544,82', 'transaction_date': '2021_04-07 06:26:21.074601', 'tt': {'t': 'deposit', 'from': 'GB30QMDF19900758832674', 'to': None}}]",2016-03-30 16:36:25.925931
Cheryl Ferguson,"{'address': {'streeet': '47552 Allen Lodge Apt. 638', 'city': 'East Rachel', 'post code': 42764-73324, 'country': 'Ecuador'}}",rodriguezshannon@brown.info,Ecuador,2015-10-03 23:11:43.490,"[{'amount': '$808,1', 'transaction date': '2018_07-27 22:57:01.237611', 'tt': {'t': 'charge', 'from': 'GB15DDAW46928115081477', 'to': 'Null'}}, {'amount': '$415,63', 'transactionDate': '2021_04-18 04:02:00.377144', 'tt': {'t': 'transfer', 'from': 'GB15DDAW46928115081477', 'to': 'GB97GKQF71135100752078'}}, {'amount': '$914,86', 'transaction date': '2017_04-27 22:15:43.862953', 'tt': {'t': 'deposit', 'from': 'GB15DDAW46928115081477', 'to': None}}, {'amount': '$460,89', 'transaction_date': '2022_09-04 18:42:52.441262', 'tt': {'t': 'deposit', 'from': 'GB15DDAW46928115081477', 'to': 'Null'}}, {'amount': '$74,60', 'transaction date': '2018_08-19 00:57:43.321413', 'tt': {'t': 'charge', 'from': 'GB15DDAW46928115081477', 'to': 'Null'}}, {'amount': '$739,11', 'transaction_date': '2018_03-20 14:15:01.640383', 'tt': {'t': 'charge', 'from': 'GB15DDAW46928115081477', 'to': None}}, {'amount': '$246,88', 'transaction_date': '2019_02-24 12:02:14.112062', 'tt': {'t': 'withdrawal', 'from': 'GB15DDAW46928115081477', 'to': 'Null'}}, {'amount': '$329,6', 'transaction date': '2020_02-06 06:57:05.844079', 'tt': {'t': 'charge', 'from': 'GB15DDAW46928115081477', 'to': None}}, {'amount': '$909,27', 'transactionDate': '2020_01-28 14:53:41.130447', 'tt': {'t': 'withdrawal', 'from': 'GB15DDAW46928115081477', 'to': None}}]",2015-10-03 23:11:43.490661
Christina Santos,"{'address': {'streeet': '288 Williams Corners', 'city': 'Port Kristi', 'post code': 77654-87636, 'country': 'Indonesia'} }",kelly57@taylor.org,Indonesia,2001-06-30 01:40:26.523,"[{'amount': '$246,66', 'transactionDate': '2011_03-04 05:17:56.896170', 'tt': {'t': 'transfer', 'from': 'GB52TTQK15868367666058', 'to': 'GB83EMNA14367322493203'}}, {'amount': '$203,31', 'transaction date': '2015_11-13 09:33:49.448412', 'tt': {'t': 'charge', 'from': 'GB52TTQK15868367666058', 'to': None}}, {'amount': '$6,65', 'transactionDate': '2002_08-09 04:26:39.691348', 'tt': {'t': 'deposit', 'from': 'GB52TTQK15868367666058', 'to': None}}, {'amount': '$189,66', 'transaction date': '2012_08-20 22:50:04.966935', 'tt': {'t': 'withdrawal', 'from': 'GB52TTQK15868367666058', 'to': None}}, {'amount': '$797,66', 'transaction date': '2012_08-02 23:50:07.632980', 'tt': {'t': 'withdrawal', 'from': 'GB52TTQK15868367666058', 'to': None}}, {'amount': '$377,0', 'transaction date': '2017_08-23 05:00:55.241191', 'tt': {'t': 'transfer', 'from': 'GB52TTQK15868367666058', 'to': 'GB44QSAZ64827220944324'}}, {'amount': '$433,14', 'transaction date': '2013_10-16 02:44:35.374571', 'tt': {'t': 'transfer', 'from': 'GB52TTQK15868367666058', 'to': 'GB82POSV40668341991803'}}, {'amount': '$667,88', 'transactionDate': '2023_01-06 20:17:32.442037', 'tt': {'t': 'deposit', 'from': 'GB52TTQK15868367666058', 'to': 'Null'}}]",2001-06-30 01:40:26.523819
Zoe Rogers,"{'address': {'streeet': '152 Nelson Glen Suite 239', 'city': 'Johnstad', 'post code': 37750-17695, 'country': 'French Guiana'}}",lopezjennifer@lewis-carroll.com,French Guiana,2001-06-26 15:02:34.093,[],2001-06-26 15:02:34.093164
Jacqueline Smith,"{'address': {'streeet': '89065 Rita Field Apt. 764', 'city': 'Lake Nicholasview', 'post code': 45726-71678, 'country': 'Albania'}}",villarrealthomas@benitez.com,Albania,2011-05-29 03:17:08.007,"[{'amount': '$95,68', 'transaction date': '2022_05-03 21:14:01.520709', 'tt': {'t': 'transfer', 'from': 'GB16BSAG16176550009626', 'to': 'GB98YPMF69942919859693'}}, {'amount': '$432,97', 'transactionDate': '2024_03-18 01:36:20.937205', 'tt': {'t': 'withdrawal', 'from': 'GB16BSAG16176550009626', 'to': 'Null'}}, {'amount': '$50,49', 'transaction_date': '2023_05-04 00:07:38.690884', 'tt': {'t': 'withdrawal', 'from': 'GB16BSAG16176550009626', 'to': None}}, {'amount': '$835,81', 'transactionDate': '2022_11-19 00:05:49.144443', 'tt': {'t': 'withdrawal', 'from': 'GB16BSAG16176550009626', 'to': 'Null'}}, {'amount': '$671,99', 'transactionDate': '2013_02-17 21:10:13.020567', 'tt': {'t': 'transfer', 'from': 'GB16BSAG16176550009626', 'to': 'GB66OJZL07551385251409'}}, {'amount': '$278,5', 'transactionDate': '2012_07-01 03:08:49.363515', 'tt': {'t': 'deposit', 'from': 'GB16BSAG16176550009626', 'to': 'Null'}}, {'amount': '$946,97', 'transaction_date': '2016_09-04 15:04:06.807569', 'tt': {'t': 'charge', 'from': 'GB16BSAG16176550009626', 'to': 'Null'}}, {'amount': '$403,23', 'transactionDate': '2021_12-09 18:30:24.351622', 'tt': {'t': 'withdrawal', 'from': 'GB16BSAG16176550009626', 'to': 'Null'}}, {'amount': '$297,61', 'transaction_date': '2023_12-09 12:26:12.678707', 'tt': {'t': 'charge', 'from': 'GB16BSAG16176550009626', 'to': 'Null'}}, {'amount': '$332,71', 'transactionDate': '2013_08-23 21:45:53.455954', 'tt': {'t': 'charge', 'from': 'GB16BSAG16176550009626', 'to': None}}]",2011-05-29 03:17:08.007552
Maria Perry MD,"{'address': {'streeet': '8730 Patrick Vista', 'city': 'West Jeffreyville', 'post code': 07240-87466, 'country': 'Central African Republic'}}",cmorgan@pittman-stewart.com,Central African Republic,2021-07-05 15:53:57.594,"[{'amount': '$658,39', 'transaction_date': '2024_09-06 02:39:42.606622', 'tt': {'t': 'deposit', 'from': 'GB28JPYV55980578261172', 'to': 'Null'}}, {'amount': '$179,1', 'transaction_date': '2021_12-20 04:39:37.707011', 'tt': {'t': 'withdrawal', 'from': 'GB28JPYV55980578261172', 'to': None}}, {'amount': '$645,13', 'transaction_date': '2023_04-01 21:56:59.989164', 'tt': {'t': 'charge', 'from': 'GB28JPYV55980578261172', 'to': 'Null'}}, {'amount': '$37,42', 'transactionDate': '2023_09-07 18:10:26.081736', 'tt': {'t': 'charge', 'from': 'GB28JPYV55980578261172', 'to': None}}]",2021-07-05 15:53:57.594251
Tracy Knight,"{'address': {'streeet': '83890 Lisa Estates Apt. 064', 'city': 'New Stephanie', 'post code': 59467-42165, 'country': 'Falkland Islands (Malvinas)'} }",benjamin18@cooper.net,Falkland Islands (Malvinas),2009-06-16 11:45:22.472,"[{'amount': '£392,72', 'transaction date': '2010_12-08 04:52:30.109330', 'tt': {'t': 'charge', 'from': 'GB70OTBD99070428817695', 'to': 'Null'}}, {'amount': '£922,43', 'transaction_date': '2024_08-25 20:39:26.860162', 'tt': {'t': 'transfer', 'from': 'GB70OTBD99070428817695', 'to': 'GB68PSKY63763909599258'}}, {'amount': '£21,30', 'transaction date': '2021_03-27 08:08:20.316431', 'tt': {'t': 'charge', 'from': 'GB70OTBD99070428817695', 'to': 'Null'}}, {'amount': '£733,69', 'transactionDate': '2021_05-24 11:01:53.281856', 'tt': {'t': 'transfer', 'from': 'GB70OTBD99070428817695', 'to': 'GB27EJRG38967267908939'}}, {'amount': '£960,56', 'transaction date': '2013_02-04 23:29:18.820881', 'tt': {'t': 'withdrawal', 'from': 'GB70OTBD99070428817695', 'to': 'Null'}}, {'amount': '£993,59', 'transactionDate': '2012_11-21 19:58:32.012002', 'tt': {'t': 'charge', 'from': 'GB70OTBD99070428817695', 'to': 'Null'}}]",2009-06-16 11:45:22.472581
Sydney Schmidt,"{'address': {'streeet': '391 French View', 'city': 'Lake Christopherside', 'post code': 40757-51818, 'country': 'Macao'} }",robinwilliams@thomas-ruiz.com,Macao,2005-09-04 03:21:19.278,"[{'amount': '$561,32', 'transaction_date': '2019_03-27 15:24:55.273595', 'tt': {'t': 'deposit', 'from': 'GB42FBGL78267650560538', 'to': None}}]",2005-09-04 03:21:19.278354
Sheryl Nielsen,"{'address': {'streeet': '20313 Victoria Throughway', 'city': 'South Shannon', 'post code': 18201-17304, 'country': 'Costa Rica'}}   ",theresaklein@delacruz.biz,Costa Rica,2005-04-15 11:09:27.642,"[{'amount': '$682,78', 'transactionDate': '2020_04-02 08:46:52.507833', 'tt': {'t': 'deposit', 'from': 'GB78EGXO73821375681683', 'to': 'Null'}}, {'amount': '$284,0', 'transactionDate': '2007_02-07 21:35:17.978361', 'tt': {'t': 'withdrawal', 'from': 'GB78EGXO73821375681683', 'to': None}}, {'amount': '$389,92', 'transaction date': '2005_05-03 07:27:13.621153', 'tt': {'t': 'charge', 'from': 'GB78EGXO73821375681683', 'to': None}}]",2005-04-15 11:09:27.642801
David Thompson,"{'address': {'streeet': '227 Laura Stream', 'city': 'Davidburgh', 'post code': 63728-98504, 'country': 'Seychelles'}",littlematthew@palmer.com,Seychelles,2003-08-31 00:40:42.251,"[{'amount': '£169,18', 'transactionDate': '2022_05-21 08:05:47.439653', 'tt': {'t': 'charge', 'from': 'GB59DFSD20714961669181', 'to': 'Null'}}]",2003-08-31 00:40:42.251593
Jamie Scott,"{'address': {'streeet': '24283 Case Plaza', 'city': 'Michaelhaven', 'post code': 32791-54815, 'country': 'Germany'}}",christinawhite@garcia-drake.com,Germany,2012-11-28 16:40:38.864,"[{'amount': '£481,30', 'transaction date': '2016_08-29 16:34:14.679362', 'tt': {'t': 'charge', 'from': 'GB84CQYK48668586732855', 'to': None}}, {'amount': '£882,57', 'transaction_date': '2020_05-21 01:02:45.753513', 'tt': {'t': 'deposit', 'from': 'GB84CQYK48668586732855', 'to': None}}, {'amount': '£327,97', 'transaction_date': '2022_02-12 01:15:14.117966', 'tt': {'t': 'charge', 'from': 'GB84CQYK48668586732855', 'to': 'Null'}}, {'amount': '£104,18', 'transactionDate': '2022_06-19 23:24:00.017380', 'tt': {'t': 'charge', 'from': 'GB84CQYK48668586732855', 'to': 'Null'}}, {'amount': '£894,79', 'transaction_date': '2017_04-16 05:06:54.351175', 'tt': {'t': 'withdrawal', 'from': 'GB84CQYK48668586732855', 'to': None}}, {'amount': '£618,98', 'transaction date': '2022_10-09 17:50:22.907460', 'tt': {'t': 'withdrawal', 'from': 'GB84CQYK48668586732855', 'to': None}}, {'amount': '£471,45', 'transactionDate': '2016_07-26 12:30:58.245655', 'tt': {'t': 'withdrawal', 'from': 'GB84CQYK48668586732855', 'to': None}}, {'amount': '£404,8', 'transaction date': '2024_12-07 23:26:23.601943', 'tt': {'t': 'deposit', 'from': 'GB84CQYK48668586732855', 'to': None}}, {'amount': '£60,9', 'transaction date': '2021_11-02 14:32:17.501958', 'tt': {'t': 'deposit', 'from': 'GB84CQYK48668586732855', 'to': None}}]",2012-11-28 16:40:38.864633
Heather Glover,"{'address': {'streeet': '874 Jessica Mount Apt. 527', 'city': 'Davidhaven', 'post code': 76576-85887, 'country': 'United States Minor Outlying Islands'}",xjohnson@gomez.com,United States Minor Outlying Islands,2007-03-12 09:09:50.371,"[{'amount': '€182,98', 'transaction_date': '2010_12-25 14:41:49.555141', 'tt': {'t': 'deposit', 'from': 'GB42FLRV53525400299935', 'to': None}}]",2007-03-12 09:09:50.371294
Christopher Reyes,"{'address': {'streeet': '50990 Glenn Ports', 'city': 'Toddville', 'post code': 26452-24708, 'country': 'Cuba'} }",freemanjennifer@smith.org,Cuba,2015-08-12 04:06:06.459,"[{'amount': '£682,62', 'transaction_date': '2022_08-15 03:43:42.389245', 'tt': {'t': 'transfer', 'from': 'GB57SHQH45682776516131', 'to': 'GB85NXKP49774328612136'}}, {'amount': '£162,80', 'transaction_date': '2021_05-11 00:22:19.796242', 'tt': {'t': 'transfer', 'from': 'GB57SHQH45682776516131', 'to': 'GB17IHDE02360979731221'}}]",2015-08-12 04:06:06.459273
Stephanie Larson,"{'address': {'streeet': '56379 Ernest Cliff', 'city': 'North Kelly', 'post code': 45580-68848, 'country': 'Austria'}}   ",andersonpamela@reed.info,Austria,2019-07-19 05:10:16.431,"[{'amount': '£898,20', 'transactionDate': '2023_07-17 16:54:13.610491', 'tt': {'t': 'charge', 'from': 'GB53WANT86007639896091', 'to': None}}]",2019-07-19 05:10:16.431388
Blake Andrews,"{'address': {'streeet': '6655 Powell Stravenue', 'city': 'New Paula', 'post code': 68148-58873, 'country': 'Seychelles'}}",tjones@fox.biz,Seychelles,2017-12-25 02:45:33.290,"[{'amount': '€458,50', 'transactionDate': '2022_01-01 03:12:35.282540', 'tt': {'t': 'charge', 'from': 'GB24WOKP22456743402584', 'to': 'Null'}}, {'amount': '€621,25', 'transaction_date': '2020_09-05 06:50:28.456864', 'tt': {'t': 'withdrawal', 'from': 'GB24WOKP22456743402584', 'to': 'Null'}}]",2017-12-25 02:45:33.290655
Valerie Blankenship,"{'address': {'streeet': '2179 Jenkins Mall', 'city': 'Wilcoxland', 'post code': 80347-29589, 'country': 'San Marino'}}",tateerika@carney.com,San Marino,2017-04-29 13:18:40.386,"[{'amount': '$478,11', 'transaction_date': '2020_11-21 13:59:23.445392', 'tt': {'t': 'transfer', 'from': 'GB75XFHR05366821755903', 'to': 'GB65OFSQ37134070287782'}}, {'amount': '$930,30', 'transaction_date': '2022_07-13 18:06:03.393443', 'tt': {'t': 'withdrawal', 'from': 'GB75XFHR05366821755903', 'to': 'Null'}}, {'amount': '$713,91', 'transactionDate': '2021_06-15 19:35:33.512327', 'tt': {'t': 'transfer', 'from': 'GB75XFHR05366821755903', 'to': 'GB69IFNP66460600292901'}}, {'amount': '$653,62', 'transactionDate': '2021_05-25 15:10:42.191720', 'tt': {'t': 'withdrawal', 'from': 'GB75XFHR05366821755903', 'to': 'Null'}}, {'amount': '$156,37', 'transaction_date': '2017_12-27 06:32:57.892197', 'tt': {'t': 'withdrawal', 'from': 'GB75XFHR05366821755903', 'to': None}}, {'amount': '$137,91', 'transaction_date': '2024_08-25 15:46:18.764646', 'tt': {'t': 'deposit', 'from': 'GB75XFHR05366821755903', 'to': None}}, {'amount': '$185,55', 'transactionDate': '2019_10-22 21:58:27.522500', 'tt': {'t': 'deposit', 'from': 'GB75XFHR05366821755903', 'to': 'Null'}}, {'amount': '$907,16', 'transaction_date': '2020_02-09 01:13:05.183803', 'tt': {'t': 'charge', 'from': 'GB75XFHR05366821755903', 'to': None}}, {'amount': '$394,30', 'transaction_date': '2018_05-05 23:00:39.129717', 'tt': {'t': 'deposit', 'from': 'GB75XFHR05366821755903', 'to': None}}]",2017-04-29 13:18:40.386598
Luis Lyons,"{'address': {'streeet': '074 Hannah Plain', 'city': 'Murraymouth', 'post code': 84475-98375, 'country': 'Honduras'}",tabithalopez@becker.biz,Honduras,2022-01-26 05:44:27.889,"[{'amount': '€541,15', 'transactionDate': '2022_04-04 06:31:50.031224', 'tt': {'t': 'withdrawal', 'from': 'GB30QBZW37557981985024', 'to': 'Null'}}, {'amount': '€390,77', 'transaction date': '2022_12-03 04:00:17.365062', 'tt': {'t': 'withdrawal', 'from': 'GB30QBZW37557981985024', 'to': None}}, {'amount': '€574,85', 'transactionDate': '2022_04-11 03:14:10.854756', 'tt': {'t': 'deposit', 'from': 'GB30QBZW37557981985024', 'to': 'Null'}}, {'amount': '€962,21', 'transaction date': '2023_12-17 18:51:28.461032', 'tt': {'t': 'deposit', 'from': 'GB30QBZW37557981985024', 'to': None}}, {'amount': '€24,17', 'transaction_date': '2023_06-15 20:15:00.830446', 'tt': {'t': 'deposit', 'from': 'GB30QBZW37557981985024', 'to': None}}, {'amount': '€519,98', 'transactionDate': '2022_03-10 09:46:26.966728', 'tt': {'t': 'deposit', 'from': 'GB30QBZW37557981985024', 'to': None}}, {'amount': '€66,12', 'transaction date': '2022_08-14 00:43:59.201307', 'tt': {'t': 'deposit', 'from': 'GB30QBZW37557981985024', 'to': None}}, {'amount': '€782,28', 'transactionDate': '2024_01-13 23:45:08.724908', 'tt': {'t': 'transfer', 'from': 'GB30QBZW37557981985024', 'to': 'GB64AVOP97522285607821'}}]",2022-01-26 05:44:27.889977
Carolyn Vega,"{'address': {'streeet': '686 Brock Camp Suite 323', 'city': 'Stephaniefurt', 'post code': 98825-02162, 'country': 'New Zealand'}}   ",amyburke@mills.com,New Zealand,2019-03-15 22:19:19.465,"[{'amount': '$959,79', 'transactionDate': '2022_09-29 06:26:36.431374', 'tt': {'t': 'transfer', 'from': 'GB34UCXC30470238662446', 'to': 'GB11IQXH52487290630625'}}, {'amount': '$427,28', 'transaction date': '2024_05-02 05:52:44.947659', 'tt': {'t': 'charge', 'from': 'GB34UCXC30470238662446', 'to': 'Null'}}, {'amount': '$2,41', 'transaction_date': '2023_05-30 10:01:18.496614', 'tt': {'t': 'transfer', 'from': 'GB34UCXC30470238662446', 'to': 'GB88OVIJ94059449168538'}}, {'amount': '$542,98', 'transaction date': '2022_10-05 18:29:55.366331', 'tt': {'t': 'deposit', 'from': 'GB34UCXC30470238662446', 'to': None}}, {'amount': '$840,84', 'transactionDate': '2022_05-31 01:45:35.647624', 'tt': {'t': 'withdrawal', 'from': 'GB34UCXC30470238662446', 'to': 'Null'}}, {'amount': '$153,22', 'transactionDate': '2022_11-17 03:15:04.499832', 'tt': {'t': 'transfer', 'from': 'GB34UCXC30470238662446', 'to': 'GB34VUNU60060140524494'}}, {'amount': '$935,36', 'transactionDate': '2022_01-20 22:38:13.141438', 'tt': {'t': 'charge', 'from': 'GB34UCXC30470238662446', 'to': 'Null'}}]",2019-03-15 22:19:19.465657
Paul Raymond,"{'address': {'streeet': '9255 Moore Landing', 'city': 'South Sandratown', 'post code': 05459-36943, 'country': 'Congo'}}   ",mstewart@jacobs.com,Congo,2006-07-31 14:04:00.953,"[{'amount': '$974,46', 'transaction_date': '2017_12-19 05:30:13.110736', 'tt': {'t': 'transfer', 'from': 'GB23ZGPX94618502572905', 'to': 'GB47LRKY80589892335300'}}, {'amount': '$672,37', 'transaction_date': '2021_03-14 09:41:37.095667', 'tt': {'t': 'charge', 'from': 'GB23ZGPX94618502572905', 'to': None}}, {'amount': '$821,66', 'transaction_date': '2024_09-04 06:11:09.797066', 'tt': {'t': 'transfer', 'from': 'GB23ZGPX94618502572905', 'to': 'GB78HGQD25197926479954'}}, {'amount': '$718,11', 'transaction_date': '2008_01-02 16:55:42.043400', 'tt': {'t': 'transfer', 'from': 'GB23ZGPX94618502572905', 'to': 'GB87KNJA09424030598861'}}]",2006-07-31 14:04:00.953518
Kyle Dunlap,"{'address': {'streeet': '8649 Davis Plain Apt. 316', 'city': 'West Arthur', 'post code': 11743-73273, 'country': 'Liechtenstein'} }",zamoraedward@steele.net,Liechtenstein,2015-08-14 04:57:33.470,"[{'amount': '£80,28', 'transactionDate': '2021_12-17 01:22:25.890498', 'tt': {'t': 'charge', 'from': 'GB93AKOR60804164455582', 'to': None}}, {'amount': '£613,60', 'transaction date': '2024_12-03 09:01:36.502011', 'tt': {'t': 'withdrawal', 'from': 'GB93AKOR60804164455582', 'to': None}}, {'amount': '£946,27', 'transaction date': '2021_08-14 05:12:31.726938', 'tt': {'t': 'withdrawal', 'from': 'GB93AKOR60804164455582', 'to': 'Null'}}, {'amount': '£110,91', 'transactionDate': '2021_04-17 15:23:24.524754', 'tt': {'t': 'transfer', 'from': 'GB93AKOR60804164455582', 'to': 'GB27OASE55136511707643'}}, {'amount': '£50,62', 'transactionDate': '2020_03-03 22:02:04.915901', 'tt': {'t': 'deposit', 'from': 'GB93AKOR60804164455582', 'to': 'Null'}}, {'amount': '£193,25', 'transactionDate': '2021_07-14 11:58:46.142242', 'tt': {'t': 'deposit', 'from': 'GB93AKOR60804164455582', 'to': None}}, {'amount': '£364,57', 'transaction_date': '2017_08-04 02:46:50.360824', 'tt': {'t': 'charge', 'from': 'GB93AKOR60804164455582', 'to': 'Null'}}, {'amount': '£59,13', 'transaction date': '2017_03-09 11:09:45.918718', 'tt': {'t': 'charge', 'from': 'GB93AKOR60804164455582', 'to': None}}]",2015-08-14 04:57:33.470154
Amanda Weeks,"{'address': {'streeet': '5602 Allison Mall Apt. 072', 'city': 'Port Edward', 'post code': 49895-04364, 'country': 'Finland'}}",millerbrianna@collins-reid.org,Finland,2006-02-15 23:20:17.836,"[{'amount': '€932,56', 'transaction date': '2018_10-24 11:06:50.416211', 'tt': {'t': 'transfer', 'from': 'GB11NIAM88252899855165', 'to': 'GB11WGKT63644414908935'}}, {'amount': '€605,91', 'transaction_date': '2024_12-16 18:58:12.111933', 'tt': {'t': 'deposit', 'from': 'GB11NIAM88252899855165', 'to': None}}, {'amount': '€141,71', 'transaction_date': '2009_05-16 13:01:15.482409', 'tt': {'t': 'deposit', 'from': 'GB11NIAM88252899855165', 'to': None}}, {'amount': '€191,43', 'transactionDate': '2012_07-15 19:49:09.141865', 'tt': {'t': 'withdrawal', 'from': 'GB11NIAM88252899855165', 'to': 'Null'}}, {'amount': '€660,90', 'transaction_date': '2018_06-23 00:39:25.566628', 'tt': {'t': 'charge', 'from': 'GB11NIAM88252899855165', 'to': None}}]",2006-02-15 23:20:17.836155
Marvin Taylor,"{'address': {'streeet': '8318 Wright Flats', 'city': 'West Emilytown', 'post code': 52736-50847, 'country': 'Lebanon'}}",steven89@ho.com,Lebanon,2016-02-29 14:43:31.203,"[{'amount': '£106,69', 'transactionDate': '2021_08-13 11:01:33.645456', 'tt': {'t': 'charge', 'from': 'GB66DGGT57143222666609', 'to': 'Null'}}, {'amount': '£291,67', 'transaction_date': '2020_05-24 02:56:32.243993', 'tt': {'t': 'deposit', 'from': 'GB66DGGT57143222666609', 'to': 'Null'}}, {'amount': '£315,15', 'transaction_date': '2020_09-27 11:59:02.427511', 'tt': {'t': 'charge', 'from': 'GB66DGGT57143222666609', 'to': None}}, {'amount': '£323,29', 'transactionDate': '2019_01-21 14:46:21.072989', 'tt': {'t': 'charge', 'from': 'GB66DGGT57143222666609', 'to': None}}, {'amount': '£300,4', 'transaction date': '2024_05-13 10:36:01.698276', 'tt': {'t': 'charge', 'from': 'GB66DGGT57143222666609', 'to': None}}, {'amount': '£937,9', 'transaction_date': '2019_12-27 02:40:29.267224', 'tt': {'t': 'withdrawal', 'from': 'GB66DGGT57143222666609', 'to': 'Null'}}, {'amount': '£896,49', 'transactionDate': '2020_02-08 22:39:11.188169', 'tt': {'t': 'transfer', 'from': 'GB66DGGT57143222666609', 'to': 'GB68DFNC60820941279713'}}, {'amount': '£62,5', 'transaction date': '2022_07-19 20:58:38.910673', 'tt': {'t': 'transfer', 'from': 'GB66DGGT57143222666609', 'to': 'GB96ARUE65344464272974'}}]",2016-02-29 14:43:31.203941
Erin Gonzalez,"{'address': {'streeet': '95081 Kim Groves Suite 920', 'city': 'West Kirk', 'post code': 05033-40064, 'country': 'Seychelles'}",isaiah21@byrd.com,Seychelles,2006-08-31 13:38:29.993,"[{'amount': '€383,40', 'transaction_date': '2017_03-05 11:55:53.317112', 'tt': {'t': 'transfer', 'from': 'GB50VMGY08212300403889', 'to': 'GB51PJAL13677863868300'}}, {'amount': '€70,28', 'transaction_date': '2014_06-01 22:24:51.024014', 'tt': {'t': 'transfer', 'from': 'GB50VMGY08212300403889', 'to': 'GB62OEBW97605937375636'}}, {'amount': '€175,39', 'transaction_date': '2017_06-10 12:37:17.613315', 'tt': {'t': 'withdrawal', 'from': 'GB50VMGY08212300403889', 'to': 'Null'}}, {'amount': '€33,25', 'transaction_date': '2009_05-18 01:40:56.249081', 'tt': {'t': 'transfer', 'from': 'GB50VMGY08212300403889', 'to': 'GB23GQXS40153633654783'}}, {'amount': '€885,42', 'transaction_date': '2011_09-09 14:46:25.121627', 'tt': {'t': 'transfer', 'from': 'GB50VMGY08212300403889', 'to': 'GB31SXXN73026759187653'}}, {'amount': '€60,41', 'transactionDate': '2021_08-09 06:12:31.158392', 'tt': {'t': 'deposit', 'from': 'GB50VMGY08212300403889', 'to': 'Null'}}]",2006-08-31 13:38:29.993910
Anthony Phelps,"{'address': {'streeet': '340 Williams Overpass', 'city': 'Lake Johnville', 'post code': 19907-87891, 'country': 'Mozambique'}}",melissabaldwin@thomas-crawford.com,Mozambique,2007-04-25 15:33:22.117,"[{'amount': '€76,34', 'transactionDate': '2022_07-15 15:34:51.112838', 'tt': {'t': 'charge', 'from': 'GB51JGGN06419807324903', 'to': None}}, {'amount': '€608,8', 'transactionDate': '2013_01-01 17:29:17.917536', 'tt': {'t': 'transfer', 'from': 'GB51JGGN06419807324903', 'to': 'GB77NYRS18914251149426'}}, {'amount': '€254,6', 'transaction_date': '2023_09-05 16:37:02.019201', 'tt': {'t': 'withdrawal', 'from': 'GB51JGGN06419807324903', 'to': 'Null'}}, {'amount': '€312,74', 'transaction date': '2008_08-21 02:46:55.157197', 'tt': {'t': 'withdrawal', 'from': 'GB51JGGN06419807324903', 'to': None}}]",2007-04-25 15:33:22.117364
Michael Gilbert PhD,"{'address': {'streeet': '4860 Munoz Valley', 'city': 'Gardnerberg', 'post code': 74483-70730, 'country': 'Australia'}",davidevans@hernandez.com,Australia,2008-09-17 16:11:33.478,"[{'amount': '£731,88', 'transactionDate': '2014_10-05 15:57:39.394592', 'tt': {'t': 'withdrawal', 'from': 'GB81ZFCW70414956874334', 'to': 'Null'}}, {'amount': '£103,33', 'transaction_date': '2011_08-22 00:32:04.363044', 'tt': {'t': 'transfer', 'from': 'GB81ZFCW70414956874334', 'to': 'GB02TWUZ90719560978070'}}, {'amount': '£376,45', 'transactionDate': '2015_06-14 16:53:09.686699', 'tt': {'t': 'deposit', 'from': 'GB81ZFCW70414956874334', 'to': None}}, {'amount': '£993,93', 'transaction date': '2020_09-28 22:07:57.331721', 'tt': {'t': 'deposit', 'from': 'GB81ZFCW70414956874334', 'to': 'Null'}}, {'amount': '£809,38', 'transaction date': '2021_01-14 06:12:57.385529', 'tt': {'t': 'withdrawal', 'from': 'GB81ZFCW70414956874334', 'to': 'Null'}}]",2008-09-17 16:11:33.478032
Greg Burke,"{'address': {'streeet': '148 Davis Walk Suite 791', 'city': 'South Markland', 'post code': 20144-25282, 'country': 'Martinique'}}",greenrobert@williams.com,Martinique,2020-07-02 04:59:49.229,"[{'amount': '€404,14', 'transactionDate': '2022_03-26 02:53:56.180575', 'tt': {'t': 'charge', 'from': 'GB08JACB98098077743544', 'to': None}}, {'amount': '€453,40', 'transaction date': '2023_08-04 18:19:14.187250', 'tt': {'t': 'transfer', 'from': 'GB08JACB98098077743544', 'to': 'GB73ZMJK52889013120878'}}, {'amount': '€736,14', 'transaction_date': '2024_06-10 15:45:50.576842', 'tt': {'t': 'withdrawal', 'from': 'GB08JACB98098077743544', 'to': 'Null'}}, {'amount': '€498,23', 'transaction date': '2024_02-25 12:32:41.472327', 'tt': {'t': 'withdrawal', 'from': 'GB08JACB98098077743544', 'to': 'Null'}}, {'amount': '€669,81', 'transactionDate': '2023_04-18 15:49:38.438640', 'tt': {'t': 'charge', 'from': 'GB08JACB98098077743544', 'to': 'Null'}}, {'amount': '€807,69', 'transaction date': '2022_04-01 13:53:32.681792', 'tt': {'t': 'charge', 'from': 'GB08JACB98098077743544', 'to': None}}, {'amount': '€514,12', 'transactionDate': '2024_01-25 18:36:09.447581', 'tt': {'t': 'deposit', 'from': 'GB08JACB98098077743544', 'to': 'Null'}}, {'amount': '€145,69', 'transaction date': '2024_03-25 06:47:56.668525', 'tt': {'t': 'charge', 'from': 'GB08JACB98098077743544', 'to': 'Null'}}, {'amount': '€635,25', 'transaction date': '2023_11-05 13:26:50.908361', 'tt': {'t': 'transfer', 'from': 'GB08JACB98098077743544', 'to': 'GB61ZVBO67247895846117'}}, {'amount': '€399,58', 'transactionDate': '2024_07-15 14:40:46.890928', 'tt': {'t': 'charge', 'from': 'GB08JACB98098077743544', 'to': 'Null'}}]",2020-07-02 04:59:49.229968
Robert Murphy,"{'address': {'streeet': '093 Walsh Pines Apt. 172', 'city': 'West William', 'post code': 34863-44401, 'country': 'Heard Island and McDonald Islands'}}   ",duanemiller@cruz-cooper.com,Heard Island and McDonald Islands,2020-06-15 23:29:09.946,"[{'amount': '$282,31', 'transaction_date': '2024_01-09 11:50:59.774254', 'tt': {'t': 'charge', 'from': 'GB09IPGB87706873929322', 'to': None}}, {'amount': '$164,17', 'transaction_date': '2020_08-23 03:19:18.719672', 'tt': {'t': 'charge', 'from': 'GB09IPGB87706873929322', 'to': 'Null'}}, {'amount': '$958,97', 'transaction date': '2020_07-31 09:41:40.297529', 'tt': {'t': 'transfer', 'from': 'GB09IPGB87706873929322', 'to': 'GB63APHS80378501492744'}}]",2020-06-15 23:29:09.946276
Catherine Lynch,"{'address': {'streeet': '190 Alexander Haven Apt. 164', 'city': 'Brettfort', 'post code': 18412-70458, 'country': 'Vanuatu'}}",sara78@hayes.com,Vanuatu,2003-12-18 12:00:56.749,[],2003-12-18 12:00:56.749050
James Ferguson,"{'address': {'streeet': '9893 Natalie Locks', 'city': 'Jessicahaven', 'post code': 78718-56888, 'country': 'British Indian Ocean Territory (Chagos Archipelago)'} }",coxdanielle@miranda.com,British Indian Ocean Territory (Chagos Archipelago),2021-02-12 16:19:52.771,"[{'amount': '€775,93', 'transactionDate': '2024_08-13 05:08:19.784518', 'tt': {'t': 'withdrawal', 'from': 'GB10UHVE35318204849677', 'to': None}}, {'amount': '€968,36', 'transactionDate': '2023_09-07 19:35:36.409386', 'tt': {'t': 'deposit', 'from': 'GB10UHVE35318204849677', 'to': 'Null'}}]",2021-02-12 16:19:52.771413
Rebecca Dalton,"{'address': {'streeet': '7498 Weber Drive Apt. 018', 'city': 'South Michelle', 'post code': 64713-79311, 'country': 'Timor-Leste'}",rholmes@monroe.com,Timor-Leste,2003-12-19 17:30:10.968,"[{'amount': '£726,24', 'transaction date': '2004_07-22 12:51:16.250915', 'tt': {'t': 'transfer', 'from': 'GB91FRIE09874457154428', 'to': 'GB11GHKX69100206387019'}}, {'amount': '£669,23', 'transaction date': '2018_04-09 04:10:55.615397', 'tt': {'t': 'deposit', 'from': 'GB91FRIE09874457154428', 'to': 'Null'}}, {'amount': '£992,4', 'transaction date': '2015_12-19 02:51:36.892657', 'tt': {'t': 'withdrawal', 'from': 'GB91FRIE09874457154428', 'to': 'Null'}}, {'amount': '£405,33', 'transactionDate': '2005_06-05 10:07:44.156265', 'tt': {'t': 'deposit', 'from': 'GB91FRIE09874457154428', 'to': None}}, {'amount': '£560,50', 'transactionDate': '2005_06-25 12:57:52.654362', 'tt': {'t': 'withdrawal', 'from': 'GB91FRIE09874457154428', 'to': 'Null'}}]",2003-12-19 17:30:10.968345
Rebecca Roman,"{'address': {'streeet': '2628 Destiny Row', 'city': 'South Justinfurt', 'post code': 82417-83182, 'country': 'Croatia'}}",james02@bush-jensen.com,Croatia,2015-09-21 20:18:45.578,[],2015-09-21 20:18:45.578056
Bryan Rodriguez,"{'address': {'streeet': '010 Foster Ferry Apt. 201', 'city': 'Port Lauraburgh', 'post code': 57163-58572, 'country': 'Turks and Caicos Islands'} }",tmcintyre@sanchez-cox.biz,Turks and Caicos Islands,2021-07-05 15:10:00.238,"[{'amount': '£347,13', 'transaction_date': '2022_10-02 21:42:38.058474', 'tt': {'t': 'transfer', 'from': 'GB41RKJN53564384897391', 'to': 'GB26QGFB48269197346174'}}]",2021-07-05 15:10:00.238037
Susan Miller,"{'address': {'streeet': '2653 Watkins Junction', 'city': 'New Deanna', 'post code': 52196-17268, 'country': 'Switzerland'}}   ",torresmitchell@edwards.biz,Switzerland,2001-11-12 10:04:55.324,"[{'amount': '€473,83', 'transaction_date': '2009_05-21 04:08:51.859147', 'tt': {'t': 'charge', 'from': 'GB26KXRC37697654875808', 'to': None}}, {'amount': '€449,40', 'transactionDate': '2005_10-26 10:23:03.856822', 'tt': {'t': 'deposit', 'from': 'GB26KXRC37697654875808', 'to': None}}, {'amount': '€326,32', 'transactionDate': '2015_07-02 02:12:17.056836', 'tt': {'t': 'deposit', 'from': 'GB26KXRC37697654875808', 'to': None}}]",2001-11-12 10:04:55.324281
Madison James,"{'address': {'streeet': '2853 Robinson Road Apt. 032', 'city': 'Angelaview', 'post code': 77408-62823, 'country': 'British Virgin Islands'}}   ",twells@wilson-stewart.info,British Virgin Islands,2014-03-26 17:08:16.908,[],2014-03-26 17:08:16.908868
Scott Young,"{'address': {'streeet': '20990 Ronald Ranch', 'city': 'North Juliemouth', 'post code': 48972-79441, 'country': 'Latvia'} }",antonio77@mcbride.com,Latvia,2011-12-05 21:46:33.777,"[{'amount': '£714,68', 'transactionDate': '2016_03-15 01:26:26.392478', 'tt': {'t': 'transfer', 'from': 'GB75MIKU86037040806724', 'to': 'GB61CBYN24482363525957'}}, {'amount': '£25,16', 'transaction_date': '2017_08-04 13:49:48.663940', 'tt': {'t': 'withdrawal', 'from': 'GB75MIKU86037040806724', 'to': 'Null'}}, {'amount': '£892,34', 'transaction date': '2021_11-19 06:26:55.998223', 'tt': {'t': 'transfer', 'from': 'GB75MIKU86037040806724', 'to': 'GB45JDVR06666695307510'}}, {'amount': '£620,97', 'transaction_date': '2024_07-15 06:51:45.363368', 'tt': {'t': 'withdrawal', 'from': 'GB75MIKU86037040806724', 'to': 'Null'}}, {'amount': '£516,98', 'transaction_date': '2012_07-24 23:32:54.292109', 'tt': {'t': 'withdrawal', 'from': 'GB75MIKU86037040806724', 'to': None}}, {'amount': '£175,32', 'transaction date': '2019_02-02 03:00:00.726172', 'tt': {'t': 'withdrawal', 'from': 'GB75MIKU86037040806724', 'to': None}}]",2011-12-05 21:46:33.777382
Jordan Peters,"{'address': {'streeet': '679 Megan Forges', 'city': 'Walkerland', 'post code': 95707-46852, 'country': 'Cayman Islands'}}",crossjohn@scott.com,Cayman Islands,2004-07-05 22:26:32.087,"[{'amount': '£269,68', 'transaction_date': '2009_04-04 09:20:11.518101', 'tt': {'t': 'transfer', 'from': 'GB31OMUO61001122466793', 'to': 'GB41PTGR83968343079906'}}]",2004-07-05 22:26:32.087233
Carrie Hicks,"{'address': {'streeet': '19343 Berry Squares Suite 869', 'city': 'North Michael', 'post code': 37979-02810, 'country': 'Indonesia'}}",bobbypeters@gregory.com,Indonesia,2003-05-26 11:31:11.866,"[{'amount': '$245,17', 'transaction date': '2003_09-23 15:05:46.613551', 'tt': {'t': 'charge', 'from': 'GB55SJWM71414371759236', 'to': 'Null'}}, {'amount': '$177,22', 'transactionDate': '2009_01-17 18:26:12.192802', 'tt': {'t': 'charge', 'from': 'GB55SJWM71414371759236', 'to': 'Null'}}, {'amount': '$230,24', 'transaction_date': '2009_06-15 12:26:41.478112', 'tt': {'t': 'transfer', 'from': 'GB55SJWM71414371759236', 'to': 'GB03SUFN48171450424869'}}, {'amount': '$165,99', 'transaction date': '2022_02-02 18:07:12.688268', 'tt': {'t': 'withdrawal', 'from': 'GB55SJWM71414371759236', 'to': 'Null'}}]",2003-05-26 11:31:11.866847
Phillip Robinson,"{'address': {'streeet': '4339 Williams Terrace', 'city': 'East Jasonshire', 'post code': 82226-30724, 'country': 'Reunion'}}",justin71@mcclain.biz,Reunion,2001-06-05 10:18:37.361,"[{'amount': '€625,11', 'transaction date': '2014_06-16 04:00:22.419581', 'tt': {'t': 'deposit', 'from': 'GB66CXRA32325449761903', 'to': 'Null'}}, {'amount': '€902,97', 'transactionDate': '2007_07-20 20:59:22.238241', 'tt': {'t': 'charge', 'from': 'GB66CXRA32325449761903', 'to': None}}, {'amount': '€284,75', 'transaction date': '2003_11-29 00:30:08.297340', 'tt': {'t': 'withdrawal', 'from': 'GB66CXRA32325449761903', 'to': None}}, {'amount': '€632,9', 'transaction date': '2012_01-13 16:42:28.619479', 'tt': {'t': 'withdrawal', 'from': 'GB66CXRA32325449761903', 'to': None}}, {'amount': '€5,93', 'transaction_date': '2012_02-08 01:51:51.319150', 'tt': {'t': 'withdrawal', 'from': 'GB66CXRA32325449761903', 'to': 'Null'}}]",2001-06-05 10:18:37.361865
